Year,Population
2009-01-01,3306836.0
2009-01-02,3306970.939726027
2009-01-03,3307105.879452055
2009-01-04,3307240.819178082
2009-01-05,3307375.7589041097
2009-01-06,3307510.698630137
2009-01-07,3307645.6383561646
2009-01-08,3307780.5780821918
2009-01-09,3307915.517808219
2009-01-10,3308050.4575342466
2009-01-11,3308185.397260274
2009-01-12,3308320.3369863015
2009-01-13,3308455.2767123287
2009-01-14,3308590.2164383563
2009-01-15,3308725.1561643835
2009-01-16,3308860.095890411
2009-01-17,3308995.0356164384
2009-01-18,3309129.9753424656
2009-01-19,3309264.915068493
2009-01-20,3309399.8547945204
2009-01-21,3309534.794520548
2009-01-22,3309669.7342465753
2009-01-23,3309804.673972603
2009-01-24,3309939.61369863
2009-01-25,3310074.5534246573
2009-01-26,3310209.493150685
2009-01-27,3310344.432876712
2009-01-28,3310479.37260274
2009-01-29,3310614.312328767
2009-01-30,3310749.2520547947
2009-01-31,3310884.191780822
2009-02-01,3311019.1315068495
2009-02-02,3311154.0712328767
2009-02-03,3311289.010958904
2009-02-04,3311423.9506849316
2009-02-05,3311558.890410959
2009-02-06,3311693.8301369864
2009-02-07,3311828.7698630136
2009-02-08,3311963.7095890413
2009-02-09,3312098.6493150685
2009-02-10,3312233.5890410957
2009-02-11,3312368.5287671234
2009-02-12,3312503.4684931505
2009-02-13,3312638.408219178
2009-02-14,3312773.3479452054
2009-02-15,3312908.287671233
2009-02-16,3313043.2273972603
2009-02-17,3313178.1671232875
2009-02-18,3313313.106849315
2009-02-19,3313448.0465753423
2009-02-20,3313582.98630137
2009-02-21,3313717.926027397
2009-02-22,3313852.865753425
2009-02-23,3313987.805479452
2009-02-24,3314122.7452054797
2009-02-25,3314257.684931507
2009-02-26,3314392.624657534
2009-02-27,3314527.5643835617
2009-02-28,3314662.504109589
2009-03-01,3314797.4438356166
2009-03-02,3314932.383561644
2009-03-03,3315067.3232876714
2009-03-04,3315202.2630136986
2009-03-05,3315337.202739726
2009-03-06,3315472.1424657535
2009-03-07,3315607.0821917807
2009-03-08,3315742.0219178083
2009-03-09,3315876.9616438355
2009-03-10,3316011.901369863
2009-03-11,3316146.8410958904
2009-03-12,3316281.7808219176
2009-03-13,3316416.7205479452
2009-03-14,3316551.6602739724
2009-03-15,3316686.6
2009-03-16,3316821.5397260273
2009-03-17,3316956.479452055
2009-03-18,3317091.419178082
2009-03-19,3317226.35890411
2009-03-20,3317361.298630137
2009-03-21,3317496.238356164
2009-03-22,3317631.178082192
2009-03-23,3317766.117808219
2009-03-24,3317901.0575342467
2009-03-25,3318035.997260274
2009-03-26,3318170.9369863016
2009-03-27,3318305.8767123288
2009-03-28,3318440.816438356
2009-03-29,3318575.7561643836
2009-03-30,3318710.695890411
2009-03-31,3318845.6356164385
2009-04-01,3318980.5753424657
2009-04-02,3319115.5150684933
2009-04-03,3319250.4547945205
2009-04-04,3319385.394520548
2009-04-05,3319520.3342465754
2009-04-06,3319655.2739726026
2009-04-07,3319790.21369863
2009-04-08,3319925.1534246574
2009-04-09,3320060.093150685
2009-04-10,3320195.0328767123
2009-04-11,3320329.97260274
2009-04-12,3320464.912328767
2009-04-13,3320599.8520547943
2009-04-14,3320734.791780822
2009-04-15,3320869.731506849
2009-04-16,3321004.671232877
2009-04-17,3321139.610958904
2009-04-18,3321274.5506849317
2009-04-19,3321409.490410959
2009-04-20,3321544.430136986
2009-04-21,3321679.3698630137
2009-04-22,3321814.309589041
2009-04-23,3321949.2493150686
2009-04-24,3322084.189041096
2009-04-25,3322219.1287671234
2009-04-26,3322354.0684931506
2009-04-27,3322489.0082191783
2009-04-28,3322623.9479452055
2009-04-29,3322758.8876712327
2009-04-30,3322893.8273972603
2009-05-01,3323028.7671232875
2009-05-02,3323163.706849315
2009-05-03,3323298.6465753424
2009-05-04,3323433.58630137
2009-05-05,3323568.5260273973
2009-05-06,3323703.4657534244
2009-05-07,3323838.405479452
2009-05-08,3323973.3452054793
2009-05-09,3324108.284931507
2009-05-10,3324243.224657534
2009-05-11,3324378.164383562
2009-05-12,3324513.104109589
2009-05-13,3324648.0438356167
2009-05-14,3324782.983561644
2009-05-15,3324917.923287671
2009-05-16,3325052.8630136987
2009-05-17,3325187.802739726
2009-05-18,3325322.7424657536
2009-05-19,3325457.682191781
2009-05-20,3325592.6219178084
2009-05-21,3325727.5616438356
2009-05-22,3325862.501369863
2009-05-23,3325997.4410958905
2009-05-24,3326132.3808219177
2009-05-25,3326267.3205479453
2009-05-26,3326402.2602739725
2009-05-27,3326537.2
2009-05-28,3326672.1397260274
2009-05-29,3326807.0794520546
2009-05-30,3326942.0191780822
2009-05-31,3327076.9589041094
2009-06-01,3327211.898630137
2009-06-02,3327346.8383561643
2009-06-03,3327481.778082192
2009-06-04,3327616.717808219
2009-06-05,3327751.657534247
2009-06-06,3327886.597260274
2009-06-07,3328021.536986301
2009-06-08,3328156.476712329
2009-06-09,3328291.416438356
2009-06-10,3328426.3561643837
2009-06-11,3328561.295890411
2009-06-12,3328696.2356164386
2009-06-13,3328831.1753424658
2009-06-14,3328966.115068493
2009-06-15,3329101.0547945206
2009-06-16,3329235.994520548
2009-06-17,3329370.9342465755
2009-06-18,3329505.8739726027
2009-06-19,3329640.8136986303
2009-06-20,3329775.7534246575
2009-06-21,3329910.6931506847
2009-06-22,3330045.6328767124
2009-06-23,3330180.5726027396
2009-06-24,3330315.512328767
2009-06-25,3330450.4520547944
2009-06-26,3330585.391780822
2009-06-27,3330720.3315068493
2009-06-28,3330855.271232877
2009-06-29,3330990.210958904
2009-06-30,3331125.1506849313
2009-07-01,3331260.090410959
2009-07-02,3331395.030136986
2009-07-03,3331529.969863014
2009-07-04,3331664.909589041
2009-07-05,3331799.8493150687
2009-07-06,3331934.789041096
2009-07-07,3332069.728767123
2009-07-08,3332204.6684931507
2009-07-09,3332339.608219178
2009-07-10,3332474.5479452056
2009-07-11,3332609.487671233
2009-07-12,3332744.4273972604
2009-07-13,3332879.3671232876
2009-07-14,3333014.3068493153
2009-07-15,3333149.2465753425
2009-07-16,3333284.1863013697
2009-07-17,3333419.1260273973
2009-07-18,3333554.0657534245
2009-07-19,3333689.005479452
2009-07-20,3333823.9452054794
2009-07-21,3333958.884931507
2009-07-22,3334093.8246575342
2009-07-23,3334228.7643835614
2009-07-24,3334363.704109589
2009-07-25,3334498.6438356163
2009-07-26,3334633.583561644
2009-07-27,3334768.523287671
2009-07-28,3334903.463013699
2009-07-29,3335038.402739726
2009-07-30,3335173.342465753
2009-07-31,3335308.282191781
2009-08-01,3335443.221917808
2009-08-02,3335578.1616438357
2009-08-03,3335713.101369863
2009-08-04,3335848.0410958906
2009-08-05,3335982.9808219178
2009-08-06,3336117.9205479454
2009-08-07,3336252.8602739726
2009-08-08,3336387.8
2009-08-09,3336522.7397260275
2009-08-10,3336657.6794520547
2009-08-11,3336792.6191780823
2009-08-12,3336927.5589041095
2009-08-13,3337062.498630137
2009-08-14,3337197.4383561644
2009-08-15,3337332.3780821916
2009-08-16,3337467.317808219
2009-08-17,3337602.2575342464
2009-08-18,3337737.197260274
2009-08-19,3337872.1369863013
2009-08-20,3338007.076712329
2009-08-21,3338142.016438356
2009-08-22,3338276.9561643833
2009-08-23,3338411.895890411
2009-08-24,3338546.835616438
2009-08-25,3338681.775342466
2009-08-26,3338816.715068493
2009-08-27,3338951.6547945207
2009-08-28,3339086.594520548
2009-08-29,3339221.5342465756
2009-08-30,3339356.4739726027
2009-08-31,3339491.41369863
2009-09-01,3339626.3534246576
2009-09-02,3339761.293150685
2009-09-03,3339896.2328767125
2009-09-04,3340031.1726027397
2009-09-05,3340166.1123287673
2009-09-06,3340301.0520547945
2009-09-07,3340435.9917808217
2009-09-08,3340570.9315068494
2009-09-09,3340705.8712328766
2009-09-10,3340840.810958904
2009-09-11,3340975.7506849314
2009-09-12,3341110.690410959
2009-09-13,3341245.6301369863
2009-09-14,3341380.569863014
2009-09-15,3341515.509589041
2009-09-16,3341650.4493150683
2009-09-17,3341785.389041096
2009-09-18,3341920.328767123
2009-09-19,3342055.268493151
2009-09-20,3342190.208219178
2009-09-21,3342325.1479452057
2009-09-22,3342460.087671233
2009-09-23,3342595.02739726
2009-09-24,3342729.9671232877
2009-09-25,3342864.906849315
2009-09-26,3342999.8465753426
2009-09-27,3343134.78630137
2009-09-28,3343269.7260273974
2009-09-29,3343404.6657534246
2009-09-30,3343539.605479452
2009-10-01,3343674.5452054795
2009-10-02,3343809.4849315067
2009-10-03,3343944.4246575343
2009-10-04,3344079.3643835615
2009-10-05,3344214.304109589
2009-10-06,3344349.2438356164
2009-10-07,3344484.183561644
2009-10-08,3344619.1232876712
2009-10-09,3344754.0630136984
2009-10-10,3344889.002739726
2009-10-11,3345023.9424657533
2009-10-12,3345158.882191781
2009-10-13,3345293.821917808
2009-10-14,3345428.761643836
2009-10-15,3345563.701369863
2009-10-16,3345698.64109589
2009-10-17,3345833.580821918
2009-10-18,3345968.520547945
2009-10-19,3346103.4602739727
2009-10-20,3346238.4
2009-10-21,3346373.3397260276
2009-10-22,3346508.2794520548
2009-10-23,3346643.2191780824
2009-10-24,3346778.1589041096
2009-10-25,3346913.098630137
2009-10-26,3347048.0383561645
2009-10-27,3347182.9780821917
2009-10-28,3347317.9178082193
2009-10-29,3347452.8575342465
2009-10-30,3347587.797260274
2009-10-31,3347722.7369863014
2009-11-01,3347857.6767123286
2009-11-02,3347992.616438356
2009-11-03,3348127.5561643834
2009-11-04,3348262.495890411
2009-11-05,3348397.4356164383
2009-11-06,3348532.375342466
2009-11-07,3348667.315068493
2009-11-08,3348802.2547945203
2009-11-09,3348937.194520548
2009-11-10,3349072.134246575
2009-11-11,3349207.073972603
2009-11-12,3349342.01369863
2009-11-13,3349476.9534246577
2009-11-14,3349611.893150685
2009-11-15,3349746.8328767125
2009-11-16,3349881.7726027397
2009-11-17,3350016.712328767
2009-11-18,3350151.6520547946
2009-11-19,3350286.591780822
2009-11-20,3350421.5315068495
2009-11-21,3350556.4712328766
2009-11-22,3350691.4109589043
2009-11-23,3350826.3506849315
2009-11-24,3350961.2904109587
2009-11-25,3351096.2301369864
2009-11-26,3351231.1698630136
2009-11-27,3351366.109589041
2009-11-28,3351501.0493150684
2009-11-29,3351635.989041096
2009-11-30,3351770.9287671233
2009-12-01,3351905.868493151
2009-12-02,3352040.808219178
2009-12-03,3352175.7479452053
2009-12-04,3352310.687671233
2009-12-05,3352445.62739726
2009-12-06,3352580.567123288
2009-12-07,3352715.506849315
2009-12-08,3352850.4465753427
2009-12-09,3352985.38630137
2009-12-10,3353120.326027397
2009-12-11,3353255.2657534247
2009-12-12,3353390.205479452
2009-12-13,3353525.1452054796
2009-12-14,3353660.084931507
2009-12-15,3353795.0246575344
2009-12-16,3353929.9643835616
2009-12-17,3354064.904109589
2009-12-18,3354199.8438356165
2009-12-19,3354334.7835616437
2009-12-20,3354469.7232876713
2009-12-21,3354604.6630136985
2009-12-22,3354739.602739726
2009-12-23,3354874.5424657534
2009-12-24,3355009.482191781
2009-12-25,3355144.4219178082
2009-12-26,3355279.3616438354
2009-12-27,3355414.301369863
2009-12-28,3355549.2410958903
2009-12-29,3355684.180821918
2009-12-30,3355819.120547945
2009-12-31,3355954.060273973
2010-01-01,3356089.0
2010-01-02,3356221.476712329
2010-01-03,3356353.9534246577
2010-01-04,3356486.430136986
2010-01-05,3356618.906849315
2010-01-06,3356751.383561644
2010-01-07,3356883.8602739726
2010-01-08,3357016.3369863015
2010-01-09,3357148.8136986303
2010-01-10,3357281.2904109587
2010-01-11,3357413.7671232875
2010-01-12,3357546.2438356164
2010-01-13,3357678.7205479452
2010-01-14,3357811.197260274
2010-01-15,3357943.673972603
2010-01-16,3358076.1506849313
2010-01-17,3358208.62739726
2010-01-18,3358341.104109589
2010-01-19,3358473.580821918
2010-01-20,3358606.0575342467
2010-01-21,3358738.5342465756
2010-01-22,3358871.010958904
2010-01-23,3359003.487671233
2010-01-24,3359135.9643835616
2010-01-25,3359268.4410958905
2010-01-26,3359400.9178082193
2010-01-27,3359533.394520548
2010-01-28,3359665.8712328766
2010-01-29,3359798.3479452054
2010-01-30,3359930.8246575342
2010-01-31,3360063.301369863
2010-02-01,3360195.778082192
2010-02-02,3360328.2547945203
2010-02-03,3360460.731506849
2010-02-04,3360593.208219178
2010-02-05,3360725.684931507
2010-02-06,3360858.1616438357
2010-02-07,3360990.6383561646
2010-02-08,3361123.115068493
2010-02-09,3361255.591780822
2010-02-10,3361388.0684931506
2010-02-11,3361520.5452054795
2010-02-12,3361653.0219178083
2010-02-13,3361785.498630137
2010-02-14,3361917.9753424656
2010-02-15,3362050.4520547944
2010-02-16,3362182.9287671233
2010-02-17,3362315.405479452
2010-02-18,3362447.882191781
2010-02-19,3362580.35890411
2010-02-20,3362712.835616438
2010-02-21,3362845.312328767
2010-02-22,3362977.789041096
2010-02-23,3363110.2657534247
2010-02-24,3363242.7424657536
2010-02-25,3363375.2191780824
2010-02-26,3363507.695890411
2010-02-27,3363640.1726027397
2010-02-28,3363772.6493150685
2010-03-01,3363905.1260273973
2010-03-02,3364037.602739726
2010-03-03,3364170.0794520546
2010-03-04,3364302.5561643834
2010-03-05,3364435.0328767123
2010-03-06,3364567.509589041
2010-03-07,3364699.98630137
2010-03-08,3364832.463013699
2010-03-09,3364964.939726027
2010-03-10,3365097.416438356
2010-03-11,3365229.893150685
2010-03-12,3365362.3698630137
2010-03-13,3365494.8465753426
2010-03-14,3365627.3232876714
2010-03-15,3365759.8
2010-03-16,3365892.2767123287
2010-03-17,3366024.7534246575
2010-03-18,3366157.2301369864
2010-03-19,3366289.706849315
2010-03-20,3366422.183561644
2010-03-21,3366554.6602739724
2010-03-22,3366687.1369863013
2010-03-23,3366819.61369863
2010-03-24,3366952.090410959
2010-03-25,3367084.567123288
2010-03-26,3367217.0438356167
2010-03-27,3367349.520547945
2010-03-28,3367481.997260274
2010-03-29,3367614.4739726027
2010-03-30,3367746.9506849316
2010-03-31,3367879.4273972604
2010-04-01,3368011.904109589
2010-04-02,3368144.3808219177
2010-04-03,3368276.8575342465
2010-04-04,3368409.3342465754
2010-04-05,3368541.810958904
2010-04-06,3368674.287671233
2010-04-07,3368806.7643835614
2010-04-08,3368939.2410958903
2010-04-09,3369071.717808219
2010-04-10,3369204.194520548
2010-04-11,3369336.671232877
2010-04-12,3369469.1479452057
2010-04-13,3369601.624657534
2010-04-14,3369734.101369863
2010-04-15,3369866.5780821918
2010-04-16,3369999.0547945206
2010-04-17,3370131.5315068495
2010-04-18,3370264.0082191783
2010-04-19,3370396.4849315067
2010-04-20,3370528.9616438355
2010-04-21,3370661.4383561644
2010-04-22,3370793.915068493
2010-04-23,3370926.391780822
2010-04-24,3371058.8684931505
2010-04-25,3371191.3452054793
2010-04-26,3371323.821917808
2010-04-27,3371456.298630137
2010-04-28,3371588.775342466
2010-04-29,3371721.2520547947
2010-04-30,3371853.728767123
2010-05-01,3371986.205479452
2010-05-02,3372118.682191781
2010-05-03,3372251.1589041096
2010-05-04,3372383.6356164385
2010-05-05,3372516.1123287673
2010-05-06,3372648.5890410957
2010-05-07,3372781.0657534245
2010-05-08,3372913.5424657534
2010-05-09,3373046.0191780822
2010-05-10,3373178.495890411
2010-05-11,3373310.97260274
2010-05-12,3373443.4493150683
2010-05-13,3373575.926027397
2010-05-14,3373708.402739726
2010-05-15,3373840.879452055
2010-05-16,3373973.3561643837
2010-05-17,3374105.8328767125
2010-05-18,3374238.309589041
2010-05-19,3374370.78630137
2010-05-20,3374503.2630136986
2010-05-21,3374635.7397260275
2010-05-22,3374768.2164383563
2010-05-23,3374900.6931506847
2010-05-24,3375033.1698630136
2010-05-25,3375165.6465753424
2010-05-26,3375298.1232876712
2010-05-27,3375430.6
2010-05-28,3375563.076712329
2010-05-29,3375695.5534246573
2010-05-30,3375828.030136986
2010-05-31,3375960.506849315
2010-06-01,3376092.983561644
2010-06-02,3376225.4602739727
2010-06-03,3376357.9369863016
2010-06-04,3376490.41369863
2010-06-05,3376622.890410959
2010-06-06,3376755.3671232876
2010-06-07,3376887.8438356165
2010-06-08,3377020.3205479453
2010-06-09,3377152.797260274
2010-06-10,3377285.2739726026
2010-06-11,3377417.7506849314
2010-06-12,3377550.2273972603
2010-06-13,3377682.704109589
2010-06-14,3377815.180821918
2010-06-15,3377947.657534247
2010-06-16,3378080.134246575
2010-06-17,3378212.610958904
2010-06-18,3378345.087671233
2010-06-19,3378477.5643835617
2010-06-20,3378610.0410958906
2010-06-21,3378742.517808219
2010-06-22,3378874.994520548
2010-06-23,3379007.4712328766
2010-06-24,3379139.9479452055
2010-06-25,3379272.4246575343
2010-06-26,3379404.901369863
2010-06-27,3379537.3780821916
2010-06-28,3379669.8547945204
2010-06-29,3379802.3315068493
2010-06-30,3379934.808219178
2010-07-01,3380067.284931507
2010-07-02,3380199.761643836
2010-07-03,3380332.238356164
2010-07-04,3380464.715068493
2010-07-05,3380597.191780822
2010-07-06,3380729.6684931507
2010-07-07,3380862.1452054796
2010-07-08,3380994.6219178084
2010-07-09,3381127.098630137
2010-07-10,3381259.5753424657
2010-07-11,3381392.0520547945
2010-07-12,3381524.5287671234
2010-07-13,3381657.005479452
2010-07-14,3381789.482191781
2010-07-15,3381921.9589041094
2010-07-16,3382054.4356164383
2010-07-17,3382186.912328767
2010-07-18,3382319.389041096
2010-07-19,3382451.865753425
2010-07-20,3382584.342465753
2010-07-21,3382716.819178082
2010-07-22,3382849.295890411
2010-07-23,3382981.7726027397
2010-07-24,3383114.2493150686
2010-07-25,3383246.7260273974
2010-07-26,3383379.202739726
2010-07-27,3383511.6794520547
2010-07-28,3383644.1561643835
2010-07-29,3383776.6328767124
2010-07-30,3383909.109589041
2010-07-31,3384041.58630137
2010-08-01,3384174.0630136984
2010-08-02,3384306.5397260273
2010-08-03,3384439.016438356
2010-08-04,3384571.493150685
2010-08-05,3384703.969863014
2010-08-06,3384836.4465753427
2010-08-07,3384968.923287671
2010-08-08,3385101.4
2010-08-09,3385233.8767123288
2010-08-10,3385366.3534246576
2010-08-11,3385498.8301369864
2010-08-12,3385631.3068493153
2010-08-13,3385763.7835616437
2010-08-14,3385896.2602739725
2010-08-15,3386028.7369863014
2010-08-16,3386161.21369863
2010-08-17,3386293.690410959
2010-08-18,3386426.1671232875
2010-08-19,3386558.6438356163
2010-08-20,3386691.120547945
2010-08-21,3386823.597260274
2010-08-22,3386956.073972603
2010-08-23,3387088.5506849317
2010-08-24,3387221.02739726
2010-08-25,3387353.504109589
2010-08-26,3387485.9808219178
2010-08-27,3387618.4575342466
2010-08-28,3387750.9342465755
2010-08-29,3387883.4109589043
2010-08-30,3388015.8876712327
2010-08-31,3388148.3643835615
2010-09-01,3388280.8410958904
2010-09-02,3388413.317808219
2010-09-03,3388545.794520548
2010-09-04,3388678.271232877
2010-09-05,3388810.7479452053
2010-09-06,3388943.224657534
2010-09-07,3389075.701369863
2010-09-08,3389208.178082192
2010-09-09,3389340.6547945207
2010-09-10,3389473.131506849
2010-09-11,3389605.608219178
2010-09-12,3389738.084931507
2010-09-13,3389870.5616438356
2010-09-14,3390003.0383561645
2010-09-15,3390135.5150684933
2010-09-16,3390267.9917808217
2010-09-17,3390400.4684931505
2010-09-18,3390532.9452054794
2010-09-19,3390665.4219178082
2010-09-20,3390797.898630137
2010-09-21,3390930.375342466
2010-09-22,3391062.8520547943
2010-09-23,3391195.328767123
2010-09-24,3391327.805479452
2010-09-25,3391460.282191781
2010-09-26,3391592.7589041097
2010-09-27,3391725.2356164386
2010-09-28,3391857.712328767
2010-09-29,3391990.189041096
2010-09-30,3392122.6657534246
2010-10-01,3392255.1424657535
2010-10-02,3392387.6191780823
2010-10-03,3392520.095890411
2010-10-04,3392652.5726027396
2010-10-05,3392785.0493150684
2010-10-06,3392917.5260273973
2010-10-07,3393050.002739726
2010-10-08,3393182.479452055
2010-10-09,3393314.9561643833
2010-10-10,3393447.432876712
2010-10-11,3393579.909589041
2010-10-12,3393712.38630137
2010-10-13,3393844.8630136987
2010-10-14,3393977.3397260276
2010-10-15,3394109.816438356
2010-10-16,3394242.293150685
2010-10-17,3394374.7698630136
2010-10-18,3394507.2465753425
2010-10-19,3394639.7232876713
2010-10-20,3394772.2
2010-10-21,3394904.6767123286
2010-10-22,3395037.1534246574
2010-10-23,3395169.6301369863
2010-10-24,3395302.106849315
2010-10-25,3395434.583561644
2010-10-26,3395567.060273973
2010-10-27,3395699.536986301
2010-10-28,3395832.01369863
2010-10-29,3395964.490410959
2010-10-30,3396096.9671232877
2010-10-31,3396229.4438356166
2010-11-01,3396361.9205479454
2010-11-02,3396494.397260274
2010-11-03,3396626.8739726027
2010-11-04,3396759.3506849315
2010-11-05,3396891.8273972603
2010-11-06,3397024.304109589
2010-11-07,3397156.7808219176
2010-11-08,3397289.2575342464
2010-11-09,3397421.7342465753
2010-11-10,3397554.210958904
2010-11-11,3397686.687671233
2010-11-12,3397819.164383562
2010-11-13,3397951.64109589
2010-11-14,3398084.117808219
2010-11-15,3398216.594520548
2010-11-16,3398349.0712328767
2010-11-17,3398481.5479452056
2010-11-18,3398614.0246575344
2010-11-19,3398746.501369863
2010-11-20,3398878.9780821917
2010-11-21,3399011.4547945205
2010-11-22,3399143.9315068494
2010-11-23,3399276.408219178
2010-11-24,3399408.884931507
2010-11-25,3399541.3616438354
2010-11-26,3399673.8383561643
2010-11-27,3399806.315068493
2010-11-28,3399938.791780822
2010-11-29,3400071.268493151
2010-11-30,3400203.7452054797
2010-12-01,3400336.221917808
2010-12-02,3400468.698630137
2010-12-03,3400601.1753424658
2010-12-04,3400733.6520547946
2010-12-05,3400866.1287671234
2010-12-06,3400998.605479452
2010-12-07,3401131.0821917807
2010-12-08,3401263.5589041095
2010-12-09,3401396.0356164384
2010-12-10,3401528.512328767
2010-12-11,3401660.989041096
2010-12-12,3401793.4657534244
2010-12-13,3401925.9424657533
2010-12-14,3402058.419178082
2010-12-15,3402190.895890411
2010-12-16,3402323.37260274
2010-12-17,3402455.8493150687
2010-12-18,3402588.326027397
2010-12-19,3402720.802739726
2010-12-20,3402853.2794520548
2010-12-21,3402985.7561643836
2010-12-22,3403118.2328767125
2010-12-23,3403250.7095890413
2010-12-24,3403383.1863013697
2010-12-25,3403515.6630136985
2010-12-26,3403648.1397260274
2010-12-27,3403780.616438356
2010-12-28,3403913.093150685
2010-12-29,3404045.569863014
2010-12-30,3404178.0465753423
2010-12-31,3404310.523287671
2011-01-01,3404443.0
2011-01-02,3404578.0821917807
2011-01-03,3404713.164383562
2011-01-04,3404848.2465753425
2011-01-05,3404983.328767123
2011-01-06,3405118.4109589043
2011-01-07,3405253.493150685
2011-01-08,3405388.5753424657
2011-01-09,3405523.657534247
2011-01-10,3405658.7397260275
2011-01-11,3405793.821917808
2011-01-12,3405928.904109589
2011-01-13,3406063.98630137
2011-01-14,3406199.0684931506
2011-01-15,3406334.1506849313
2011-01-16,3406469.2328767125
2011-01-17,3406604.315068493
2011-01-18,3406739.397260274
2011-01-19,3406874.479452055
2011-01-20,3407009.5616438356
2011-01-21,3407144.6438356163
2011-01-22,3407279.7260273974
2011-01-23,3407414.808219178
2011-01-24,3407549.890410959
2011-01-25,3407684.97260274
2011-01-26,3407820.0547945206
2011-01-27,3407955.1369863013
2011-01-28,3408090.2191780824
2011-01-29,3408225.301369863
2011-01-30,3408360.383561644
2011-01-31,3408495.4657534244
2011-02-01,3408630.5479452056
2011-02-02,3408765.6301369863
2011-02-03,3408900.712328767
2011-02-04,3409035.794520548
2011-02-05,3409170.8767123288
2011-02-06,3409305.9589041094
2011-02-07,3409441.0410958906
2011-02-08,3409576.1232876712
2011-02-09,3409711.205479452
2011-02-10,3409846.287671233
2011-02-11,3409981.3698630137
2011-02-12,3410116.4520547944
2011-02-13,3410251.5342465756
2011-02-14,3410386.616438356
2011-02-15,3410521.698630137
2011-02-16,3410656.7808219176
2011-02-17,3410791.8630136987
2011-02-18,3410926.9452054794
2011-02-19,3411062.02739726
2011-02-20,3411197.109589041
2011-02-21,3411332.191780822
2011-02-22,3411467.2739726026
2011-02-23,3411602.3561643837
2011-02-24,3411737.4383561644
2011-02-25,3411872.520547945
2011-02-26,3412007.602739726
2011-02-27,3412142.684931507
2011-02-28,3412277.7671232875
2011-03-01,3412412.8493150687
2011-03-02,3412547.9315068494
2011-03-03,3412683.01369863
2011-03-04,3412818.095890411
2011-03-05,3412953.178082192
2011-03-06,3413088.2602739725
2011-03-07,3413223.342465753
2011-03-08,3413358.4246575343
2011-03-09,3413493.506849315
2011-03-10,3413628.5890410957
2011-03-11,3413763.671232877
2011-03-12,3413898.7534246575
2011-03-13,3414033.835616438
2011-03-14,3414168.9178082193
2011-03-15,3414304.0
2011-03-16,3414439.0821917807
2011-03-17,3414574.164383562
2011-03-18,3414709.2465753425
2011-03-19,3414844.328767123
2011-03-20,3414979.4109589043
2011-03-21,3415114.493150685
2011-03-22,3415249.5753424657
2011-03-23,3415384.657534247
2011-03-24,3415519.7397260275
2011-03-25,3415654.821917808
2011-03-26,3415789.904109589
2011-03-27,3415924.98630137
2011-03-28,3416060.0684931506
2011-03-29,3416195.1506849313
2011-03-30,3416330.2328767125
2011-03-31,3416465.315068493
2011-04-01,3416600.397260274
2011-04-02,3416735.479452055
2011-04-03,3416870.5616438356
2011-04-04,3417005.6438356163
2011-04-05,3417140.7260273974
2011-04-06,3417275.808219178
2011-04-07,3417410.890410959
2011-04-08,3417545.97260274
2011-04-09,3417681.0547945206
2011-04-10,3417816.1369863013
2011-04-11,3417951.2191780824
2011-04-12,3418086.301369863
2011-04-13,3418221.383561644
2011-04-14,3418356.4657534244
2011-04-15,3418491.5479452056
2011-04-16,3418626.6301369863
2011-04-17,3418761.712328767
2011-04-18,3418896.794520548
2011-04-19,3419031.8767123288
2011-04-20,3419166.9589041094
2011-04-21,3419302.0410958906
2011-04-22,3419437.1232876712
2011-04-23,3419572.205479452
2011-04-24,3419707.287671233
2011-04-25,3419842.3698630137
2011-04-26,3419977.4520547944
2011-04-27,3420112.5342465756
2011-04-28,3420247.616438356
2011-04-29,3420382.698630137
2011-04-30,3420517.7808219176
2011-05-01,3420652.8630136987
2011-05-02,3420787.9452054794
2011-05-03,3420923.02739726
2011-05-04,3421058.109589041
2011-05-05,3421193.191780822
2011-05-06,3421328.2739726026
2011-05-07,3421463.3561643837
2011-05-08,3421598.4383561644
2011-05-09,3421733.520547945
2011-05-10,3421868.602739726
2011-05-11,3422003.684931507
2011-05-12,3422138.7671232875
2011-05-13,3422273.8493150687
2011-05-14,3422408.9315068494
2011-05-15,3422544.01369863
2011-05-16,3422679.095890411
2011-05-17,3422814.178082192
2011-05-18,3422949.2602739725
2011-05-19,3423084.342465753
2011-05-20,3423219.4246575343
2011-05-21,3423354.506849315
2011-05-22,3423489.5890410957
2011-05-23,3423624.671232877
2011-05-24,3423759.7534246575
2011-05-25,3423894.835616438
2011-05-26,3424029.9178082193
2011-05-27,3424165.0
2011-05-28,3424300.0821917807
2011-05-29,3424435.164383562
2011-05-30,3424570.2465753425
2011-05-31,3424705.328767123
2011-06-01,3424840.4109589043
2011-06-02,3424975.493150685
2011-06-03,3425110.5753424657
2011-06-04,3425245.657534247
2011-06-05,3425380.7397260275
2011-06-06,3425515.821917808
2011-06-07,3425650.904109589
2011-06-08,3425785.98630137
2011-06-09,3425921.0684931506
2011-06-10,3426056.1506849313
2011-06-11,3426191.2328767125
2011-06-12,3426326.315068493
2011-06-13,3426461.397260274
2011-06-14,3426596.479452055
2011-06-15,3426731.5616438356
2011-06-16,3426866.6438356163
2011-06-17,3427001.7260273974
2011-06-18,3427136.808219178
2011-06-19,3427271.890410959
2011-06-20,3427406.97260274
2011-06-21,3427542.0547945206
2011-06-22,3427677.1369863013
2011-06-23,3427812.2191780824
2011-06-24,3427947.301369863
2011-06-25,3428082.383561644
2011-06-26,3428217.4657534244
2011-06-27,3428352.5479452056
2011-06-28,3428487.6301369863
2011-06-29,3428622.712328767
2011-06-30,3428757.794520548
2011-07-01,3428892.8767123288
2011-07-02,3429027.9589041094
2011-07-03,3429163.0410958906
2011-07-04,3429298.1232876712
2011-07-05,3429433.205479452
2011-07-06,3429568.287671233
2011-07-07,3429703.3698630137
2011-07-08,3429838.4520547944
2011-07-09,3429973.5342465756
2011-07-10,3430108.616438356
2011-07-11,3430243.698630137
2011-07-12,3430378.7808219176
2011-07-13,3430513.8630136987
2011-07-14,3430648.9452054794
2011-07-15,3430784.02739726
2011-07-16,3430919.109589041
2011-07-17,3431054.191780822
2011-07-18,3431189.2739726026
2011-07-19,3431324.3561643837
2011-07-20,3431459.4383561644
2011-07-21,3431594.520547945
2011-07-22,3431729.602739726
2011-07-23,3431864.684931507
2011-07-24,3431999.7671232875
2011-07-25,3432134.8493150687
2011-07-26,3432269.9315068494
2011-07-27,3432405.01369863
2011-07-28,3432540.095890411
2011-07-29,3432675.178082192
2011-07-30,3432810.2602739725
2011-07-31,3432945.342465753
2011-08-01,3433080.4246575343
2011-08-02,3433215.506849315
2011-08-03,3433350.5890410957
2011-08-04,3433485.671232877
2011-08-05,3433620.7534246575
2011-08-06,3433755.835616438
2011-08-07,3433890.9178082193
2011-08-08,3434026.0
2011-08-09,3434161.0821917807
2011-08-10,3434296.164383562
2011-08-11,3434431.2465753425
2011-08-12,3434566.328767123
2011-08-13,3434701.4109589043
2011-08-14,3434836.493150685
2011-08-15,3434971.5753424657
2011-08-16,3435106.657534247
2011-08-17,3435241.7397260275
2011-08-18,3435376.821917808
2011-08-19,3435511.904109589
2011-08-20,3435646.98630137
2011-08-21,3435782.0684931506
2011-08-22,3435917.1506849313
2011-08-23,3436052.2328767125
2011-08-24,3436187.315068493
2011-08-25,3436322.397260274
2011-08-26,3436457.479452055
2011-08-27,3436592.5616438356
2011-08-28,3436727.6438356163
2011-08-29,3436862.7260273974
2011-08-30,3436997.808219178
2011-08-31,3437132.890410959
2011-09-01,3437267.97260274
2011-09-02,3437403.0547945206
2011-09-03,3437538.1369863013
2011-09-04,3437673.2191780824
2011-09-05,3437808.301369863
2011-09-06,3437943.383561644
2011-09-07,3438078.4657534244
2011-09-08,3438213.5479452056
2011-09-09,3438348.6301369863
2011-09-10,3438483.712328767
2011-09-11,3438618.794520548
2011-09-12,3438753.8767123288
2011-09-13,3438888.9589041094
2011-09-14,3439024.0410958906
2011-09-15,3439159.1232876712
2011-09-16,3439294.205479452
2011-09-17,3439429.287671233
2011-09-18,3439564.3698630137
2011-09-19,3439699.4520547944
2011-09-20,3439834.5342465756
2011-09-21,3439969.616438356
2011-09-22,3440104.698630137
2011-09-23,3440239.7808219176
2011-09-24,3440374.8630136987
2011-09-25,3440509.9452054794
2011-09-26,3440645.02739726
2011-09-27,3440780.109589041
2011-09-28,3440915.191780822
2011-09-29,3441050.2739726026
2011-09-30,3441185.3561643837
2011-10-01,3441320.4383561644
2011-10-02,3441455.520547945
2011-10-03,3441590.602739726
2011-10-04,3441725.684931507
2011-10-05,3441860.7671232875
2011-10-06,3441995.8493150687
2011-10-07,3442130.9315068494
2011-10-08,3442266.01369863
2011-10-09,3442401.095890411
2011-10-10,3442536.178082192
2011-10-11,3442671.2602739725
2011-10-12,3442806.342465753
2011-10-13,3442941.4246575343
2011-10-14,3443076.506849315
2011-10-15,3443211.5890410957
2011-10-16,3443346.671232877
2011-10-17,3443481.7534246575
2011-10-18,3443616.835616438
2011-10-19,3443751.9178082193
2011-10-20,3443887.0
2011-10-21,3444022.0821917807
2011-10-22,3444157.164383562
2011-10-23,3444292.2465753425
2011-10-24,3444427.328767123
2011-10-25,3444562.4109589043
2011-10-26,3444697.493150685
2011-10-27,3444832.5753424657
2011-10-28,3444967.657534247
2011-10-29,3445102.7397260275
2011-10-30,3445237.821917808
2011-10-31,3445372.904109589
2011-11-01,3445507.98630137
2011-11-02,3445643.0684931506
2011-11-03,3445778.1506849313
2011-11-04,3445913.2328767125
2011-11-05,3446048.315068493
2011-11-06,3446183.397260274
2011-11-07,3446318.479452055
2011-11-08,3446453.5616438356
2011-11-09,3446588.6438356163
2011-11-10,3446723.7260273974
2011-11-11,3446858.808219178
2011-11-12,3446993.890410959
2011-11-13,3447128.97260274
2011-11-14,3447264.0547945206
2011-11-15,3447399.1369863013
2011-11-16,3447534.2191780824
2011-11-17,3447669.301369863
2011-11-18,3447804.383561644
2011-11-19,3447939.4657534244
2011-11-20,3448074.5479452056
2011-11-21,3448209.6301369863
2011-11-22,3448344.712328767
2011-11-23,3448479.794520548
2011-11-24,3448614.8767123288
2011-11-25,3448749.9589041094
2011-11-26,3448885.0410958906
2011-11-27,3449020.1232876712
2011-11-28,3449155.205479452
2011-11-29,3449290.287671233
2011-11-30,3449425.3698630137
2011-12-01,3449560.4520547944
2011-12-02,3449695.5342465756
2011-12-03,3449830.616438356
2011-12-04,3449965.698630137
2011-12-05,3450100.7808219176
2011-12-06,3450235.8630136987
2011-12-07,3450370.9452054794
2011-12-08,3450506.02739726
2011-12-09,3450641.109589041
2011-12-10,3450776.191780822
2011-12-11,3450911.2739726026
2011-12-12,3451046.3561643837
2011-12-13,3451181.4383561644
2011-12-14,3451316.520547945
2011-12-15,3451451.602739726
2011-12-16,3451586.684931507
2011-12-17,3451721.7671232875
2011-12-18,3451856.8493150687
2011-12-19,3451991.9315068494
2011-12-20,3452127.01369863
2011-12-21,3452262.095890411
2011-12-22,3452397.178082192
2011-12-23,3452532.2602739725
2011-12-24,3452667.342465753
2011-12-25,3452802.4246575343
2011-12-26,3452937.506849315
2011-12-27,3453072.5890410957
2011-12-28,3453207.671232877
2011-12-29,3453342.7534246575
2011-12-30,3453477.835616438
2011-12-31,3453612.9178082193
2012-01-01,3453748.0
2012-01-02,3453887.0163934426
2012-01-03,3454026.0327868853
2012-01-04,3454165.049180328
2012-01-05,3454304.0655737706
2012-01-06,3454443.081967213
2012-01-07,3454582.098360656
2012-01-08,3454721.1147540985
2012-01-09,3454860.131147541
2012-01-10,3454999.1475409837
2012-01-11,3455138.1639344264
2012-01-12,3455277.180327869
2012-01-13,3455416.1967213117
2012-01-14,3455555.2131147543
2012-01-15,3455694.229508197
2012-01-16,3455833.2459016396
2012-01-17,3455972.2622950817
2012-01-18,3456111.2786885244
2012-01-19,3456250.295081967
2012-01-20,3456389.3114754097
2012-01-21,3456528.3278688523
2012-01-22,3456667.344262295
2012-01-23,3456806.3606557376
2012-01-24,3456945.37704918
2012-01-25,3457084.393442623
2012-01-26,3457223.4098360655
2012-01-27,3457362.426229508
2012-01-28,3457501.4426229508
2012-01-29,3457640.4590163934
2012-01-30,3457779.475409836
2012-01-31,3457918.4918032787
2012-02-01,3458057.5081967213
2012-02-02,3458196.524590164
2012-02-03,3458335.5409836066
2012-02-04,3458474.5573770492
2012-02-05,3458613.573770492
2012-02-06,3458752.5901639345
2012-02-07,3458891.606557377
2012-02-08,3459030.62295082
2012-02-09,3459169.6393442624
2012-02-10,3459308.655737705
2012-02-11,3459447.6721311477
2012-02-12,3459586.6885245903
2012-02-13,3459725.704918033
2012-02-14,3459864.7213114756
2012-02-15,3460003.7377049183
2012-02-16,3460142.7540983604
2012-02-17,3460281.770491803
2012-02-18,3460420.7868852457
2012-02-19,3460559.8032786883
2012-02-20,3460698.819672131
2012-02-21,3460837.8360655736
2012-02-22,3460976.8524590163
2012-02-23,3461115.868852459
2012-02-24,3461254.8852459015
2012-02-25,3461393.901639344
2012-02-26,3461532.918032787
2012-02-27,3461671.9344262294
2012-02-28,3461810.950819672
2012-02-29,3461949.9672131147
2012-03-01,3462088.9836065574
2012-03-02,3462228.0
2012-03-03,3462367.0163934426
2012-03-04,3462506.0327868853
2012-03-05,3462645.049180328
2012-03-06,3462784.0655737706
2012-03-07,3462923.081967213
2012-03-08,3463062.098360656
2012-03-09,3463201.1147540985
2012-03-10,3463340.131147541
2012-03-11,3463479.1475409837
2012-03-12,3463618.1639344264
2012-03-13,3463757.180327869
2012-03-14,3463896.1967213117
2012-03-15,3464035.2131147543
2012-03-16,3464174.229508197
2012-03-17,3464313.2459016396
2012-03-18,3464452.2622950817
2012-03-19,3464591.2786885244
2012-03-20,3464730.295081967
2012-03-21,3464869.3114754097
2012-03-22,3465008.3278688523
2012-03-23,3465147.344262295
2012-03-24,3465286.3606557376
2012-03-25,3465425.37704918
2012-03-26,3465564.393442623
2012-03-27,3465703.4098360655
2012-03-28,3465842.426229508
2012-03-29,3465981.4426229508
2012-03-30,3466120.4590163934
2012-03-31,3466259.475409836
2012-04-01,3466398.4918032787
2012-04-02,3466537.5081967213
2012-04-03,3466676.524590164
2012-04-04,3466815.5409836066
2012-04-05,3466954.5573770492
2012-04-06,3467093.573770492
2012-04-07,3467232.5901639345
2012-04-08,3467371.606557377
2012-04-09,3467510.62295082
2012-04-10,3467649.6393442624
2012-04-11,3467788.655737705
2012-04-12,3467927.6721311477
2012-04-13,3468066.6885245903
2012-04-14,3468205.704918033
2012-04-15,3468344.7213114756
2012-04-16,3468483.7377049183
2012-04-17,3468622.7540983604
2012-04-18,3468761.770491803
2012-04-19,3468900.7868852457
2012-04-20,3469039.8032786883
2012-04-21,3469178.819672131
2012-04-22,3469317.8360655736
2012-04-23,3469456.8524590163
2012-04-24,3469595.868852459
2012-04-25,3469734.8852459015
2012-04-26,3469873.901639344
2012-04-27,3470012.918032787
2012-04-28,3470151.9344262294
2012-04-29,3470290.950819672
2012-04-30,3470429.9672131147
2012-05-01,3470568.9836065574
2012-05-02,3470708.0
2012-05-03,3470847.0163934426
2012-05-04,3470986.0327868853
2012-05-05,3471125.049180328
2012-05-06,3471264.0655737706
2012-05-07,3471403.081967213
2012-05-08,3471542.098360656
2012-05-09,3471681.1147540985
2012-05-10,3471820.131147541
2012-05-11,3471959.1475409837
2012-05-12,3472098.1639344264
2012-05-13,3472237.180327869
2012-05-14,3472376.1967213117
2012-05-15,3472515.2131147543
2012-05-16,3472654.229508197
2012-05-17,3472793.2459016396
2012-05-18,3472932.2622950817
2012-05-19,3473071.2786885244
2012-05-20,3473210.295081967
2012-05-21,3473349.3114754097
2012-05-22,3473488.3278688523
2012-05-23,3473627.344262295
2012-05-24,3473766.3606557376
2012-05-25,3473905.37704918
2012-05-26,3474044.393442623
2012-05-27,3474183.4098360655
2012-05-28,3474322.426229508
2012-05-29,3474461.4426229508
2012-05-30,3474600.4590163934
2012-05-31,3474739.475409836
2012-06-01,3474878.4918032787
2012-06-02,3475017.5081967213
2012-06-03,3475156.524590164
2012-06-04,3475295.5409836066
2012-06-05,3475434.5573770492
2012-06-06,3475573.573770492
2012-06-07,3475712.5901639345
2012-06-08,3475851.606557377
2012-06-09,3475990.62295082
2012-06-10,3476129.6393442624
2012-06-11,3476268.655737705
2012-06-12,3476407.6721311477
2012-06-13,3476546.6885245903
2012-06-14,3476685.704918033
2012-06-15,3476824.7213114756
2012-06-16,3476963.7377049183
2012-06-17,3477102.7540983604
2012-06-18,3477241.770491803
2012-06-19,3477380.7868852457
2012-06-20,3477519.8032786883
2012-06-21,3477658.819672131
2012-06-22,3477797.8360655736
2012-06-23,3477936.8524590163
2012-06-24,3478075.868852459
2012-06-25,3478214.8852459015
2012-06-26,3478353.901639344
2012-06-27,3478492.918032787
2012-06-28,3478631.9344262294
2012-06-29,3478770.950819672
2012-06-30,3478909.9672131147
2012-07-01,3479048.9836065574
2012-07-02,3479188.0
2012-07-03,3479327.0163934426
2012-07-04,3479466.0327868853
2012-07-05,3479605.049180328
2012-07-06,3479744.0655737706
2012-07-07,3479883.081967213
2012-07-08,3480022.098360656
2012-07-09,3480161.1147540985
2012-07-10,3480300.131147541
2012-07-11,3480439.1475409837
2012-07-12,3480578.1639344264
2012-07-13,3480717.180327869
2012-07-14,3480856.1967213117
2012-07-15,3480995.2131147543
2012-07-16,3481134.229508197
2012-07-17,3481273.2459016396
2012-07-18,3481412.2622950817
2012-07-19,3481551.2786885244
2012-07-20,3481690.295081967
2012-07-21,3481829.3114754097
2012-07-22,3481968.3278688523
2012-07-23,3482107.344262295
2012-07-24,3482246.3606557376
2012-07-25,3482385.37704918
2012-07-26,3482524.393442623
2012-07-27,3482663.4098360655
2012-07-28,3482802.426229508
2012-07-29,3482941.4426229508
2012-07-30,3483080.4590163934
2012-07-31,3483219.475409836
2012-08-01,3483358.4918032787
2012-08-02,3483497.5081967213
2012-08-03,3483636.524590164
2012-08-04,3483775.5409836066
2012-08-05,3483914.5573770492
2012-08-06,3484053.573770492
2012-08-07,3484192.5901639345
2012-08-08,3484331.606557377
2012-08-09,3484470.62295082
2012-08-10,3484609.6393442624
2012-08-11,3484748.655737705
2012-08-12,3484887.6721311477
2012-08-13,3485026.6885245903
2012-08-14,3485165.704918033
2012-08-15,3485304.7213114756
2012-08-16,3485443.7377049183
2012-08-17,3485582.7540983604
2012-08-18,3485721.770491803
2012-08-19,3485860.7868852457
2012-08-20,3485999.8032786883
2012-08-21,3486138.819672131
2012-08-22,3486277.8360655736
2012-08-23,3486416.8524590163
2012-08-24,3486555.868852459
2012-08-25,3486694.8852459015
2012-08-26,3486833.901639344
2012-08-27,3486972.918032787
2012-08-28,3487111.9344262294
2012-08-29,3487250.950819672
2012-08-30,3487389.9672131147
2012-08-31,3487528.9836065574
2012-09-01,3487668.0
2012-09-02,3487807.0163934426
2012-09-03,3487946.0327868853
2012-09-04,3488085.049180328
2012-09-05,3488224.0655737706
2012-09-06,3488363.081967213
2012-09-07,3488502.098360656
2012-09-08,3488641.1147540985
2012-09-09,3488780.131147541
2012-09-10,3488919.1475409837
2012-09-11,3489058.1639344264
2012-09-12,3489197.180327869
2012-09-13,3489336.1967213117
2012-09-14,3489475.2131147543
2012-09-15,3489614.229508197
2012-09-16,3489753.2459016396
2012-09-17,3489892.2622950817
2012-09-18,3490031.2786885244
2012-09-19,3490170.295081967
2012-09-20,3490309.3114754097
2012-09-21,3490448.3278688523
2012-09-22,3490587.344262295
2012-09-23,3490726.3606557376
2012-09-24,3490865.37704918
2012-09-25,3491004.393442623
2012-09-26,3491143.4098360655
2012-09-27,3491282.426229508
2012-09-28,3491421.4426229508
2012-09-29,3491560.4590163934
2012-09-30,3491699.475409836
2012-10-01,3491838.4918032787
2012-10-02,3491977.5081967213
2012-10-03,3492116.524590164
2012-10-04,3492255.5409836066
2012-10-05,3492394.5573770492
2012-10-06,3492533.573770492
2012-10-07,3492672.5901639345
2012-10-08,3492811.606557377
2012-10-09,3492950.62295082
2012-10-10,3493089.6393442624
2012-10-11,3493228.655737705
2012-10-12,3493367.6721311477
2012-10-13,3493506.6885245903
2012-10-14,3493645.704918033
2012-10-15,3493784.7213114756
2012-10-16,3493923.7377049183
2012-10-17,3494062.7540983604
2012-10-18,3494201.770491803
2012-10-19,3494340.7868852457
2012-10-20,3494479.8032786883
2012-10-21,3494618.819672131
2012-10-22,3494757.8360655736
2012-10-23,3494896.8524590163
2012-10-24,3495035.868852459
2012-10-25,3495174.8852459015
2012-10-26,3495313.901639344
2012-10-27,3495452.918032787
2012-10-28,3495591.9344262294
2012-10-29,3495730.950819672
2012-10-30,3495869.9672131147
2012-10-31,3496008.9836065574
2012-11-01,3496148.0
2012-11-02,3496287.0163934426
2012-11-03,3496426.0327868853
2012-11-04,3496565.049180328
2012-11-05,3496704.0655737706
2012-11-06,3496843.081967213
2012-11-07,3496982.098360656
2012-11-08,3497121.1147540985
2012-11-09,3497260.131147541
2012-11-10,3497399.1475409837
2012-11-11,3497538.1639344264
2012-11-12,3497677.180327869
2012-11-13,3497816.1967213117
2012-11-14,3497955.2131147543
2012-11-15,3498094.229508197
2012-11-16,3498233.2459016396
2012-11-17,3498372.2622950817
2012-11-18,3498511.2786885244
2012-11-19,3498650.295081967
2012-11-20,3498789.3114754097
2012-11-21,3498928.3278688523
2012-11-22,3499067.344262295
2012-11-23,3499206.3606557376
2012-11-24,3499345.37704918
2012-11-25,3499484.393442623
2012-11-26,3499623.4098360655
2012-11-27,3499762.426229508
2012-11-28,3499901.4426229508
2012-11-29,3500040.4590163934
2012-11-30,3500179.475409836
2012-12-01,3500318.4918032787
2012-12-02,3500457.5081967213
2012-12-03,3500596.524590164
2012-12-04,3500735.5409836066
2012-12-05,3500874.5573770492
2012-12-06,3501013.573770492
2012-12-07,3501152.5901639345
2012-12-08,3501291.606557377
2012-12-09,3501430.62295082
2012-12-10,3501569.6393442624
2012-12-11,3501708.655737705
2012-12-12,3501847.6721311477
2012-12-13,3501986.6885245903
2012-12-14,3502125.704918033
2012-12-15,3502264.7213114756
2012-12-16,3502403.7377049183
2012-12-17,3502542.7540983604
2012-12-18,3502681.770491803
2012-12-19,3502820.7868852457
2012-12-20,3502959.8032786883
2012-12-21,3503098.819672131
2012-12-22,3503237.8360655736
2012-12-23,3503376.8524590163
2012-12-24,3503515.868852459
2012-12-25,3503654.8852459015
2012-12-26,3503793.901639344
2012-12-27,3503932.918032787
2012-12-28,3504071.9344262294
2012-12-29,3504210.950819672
2012-12-30,3504349.9672131147
2012-12-31,3504488.9836065574
2013-01-01,3504628.0
2013-01-02,3504771.58630137
2013-01-03,3504915.1726027397
2013-01-04,3505058.7589041097
2013-01-05,3505202.3452054793
2013-01-06,3505345.9315068494
2013-01-07,3505489.517808219
2013-01-08,3505633.104109589
2013-01-09,3505776.690410959
2013-01-10,3505920.2767123287
2013-01-11,3506063.8630136987
2013-01-12,3506207.4493150683
2013-01-13,3506351.0356164384
2013-01-14,3506494.6219178084
2013-01-15,3506638.208219178
2013-01-16,3506781.794520548
2013-01-17,3506925.3808219177
2013-01-18,3507068.9671232877
2013-01-19,3507212.5534246573
2013-01-20,3507356.1397260274
2013-01-21,3507499.7260273974
2013-01-22,3507643.312328767
2013-01-23,3507786.898630137
2013-01-24,3507930.4849315067
2013-01-25,3508074.0712328767
2013-01-26,3508217.657534247
2013-01-27,3508361.2438356164
2013-01-28,3508504.8301369864
2013-01-29,3508648.416438356
2013-01-30,3508792.002739726
2013-01-31,3508935.5890410957
2013-02-01,3509079.1753424658
2013-02-02,3509222.761643836
2013-02-03,3509366.3479452054
2013-02-04,3509509.9342465755
2013-02-05,3509653.520547945
2013-02-06,3509797.106849315
2013-02-07,3509940.6931506847
2013-02-08,3510084.2794520548
2013-02-09,3510227.865753425
2013-02-10,3510371.4520547944
2013-02-11,3510515.0383561645
2013-02-12,3510658.624657534
2013-02-13,3510802.210958904
2013-02-14,3510945.797260274
2013-02-15,3511089.383561644
2013-02-16,3511232.969863014
2013-02-17,3511376.5561643834
2013-02-18,3511520.1424657535
2013-02-19,3511663.728767123
2013-02-20,3511807.315068493
2013-02-21,3511950.901369863
2013-02-22,3512094.487671233
2013-02-23,3512238.073972603
2013-02-24,3512381.6602739724
2013-02-25,3512525.2465753425
2013-02-26,3512668.8328767125
2013-02-27,3512812.419178082
2013-02-28,3512956.005479452
2013-03-01,3513099.591780822
2013-03-02,3513243.178082192
2013-03-03,3513386.7643835614
2013-03-04,3513530.3506849315
2013-03-05,3513673.9369863016
2013-03-06,3513817.523287671
2013-03-07,3513961.109589041
2013-03-08,3514104.695890411
2013-03-09,3514248.282191781
2013-03-10,3514391.8684931505
2013-03-11,3514535.4547945205
2013-03-12,3514679.0410958906
2013-03-13,3514822.62739726
2013-03-14,3514966.21369863
2013-03-15,3515109.8
2013-03-16,3515253.38630137
2013-03-17,3515396.97260274
2013-03-18,3515540.5589041095
2013-03-19,3515684.1452054796
2013-03-20,3515827.731506849
2013-03-21,3515971.317808219
2013-03-22,3516114.904109589
2013-03-23,3516258.490410959
2013-03-24,3516402.076712329
2013-03-25,3516545.6630136985
2013-03-26,3516689.2493150686
2013-03-27,3516832.835616438
2013-03-28,3516976.4219178082
2013-03-29,3517120.0082191783
2013-03-30,3517263.594520548
2013-03-31,3517407.180821918
2013-04-01,3517550.7671232875
2013-04-02,3517694.3534246576
2013-04-03,3517837.939726027
2013-04-04,3517981.5260273973
2013-04-05,3518125.1123287673
2013-04-06,3518268.698630137
2013-04-07,3518412.284931507
2013-04-08,3518555.8712328766
2013-04-09,3518699.4575342466
2013-04-10,3518843.0438356167
2013-04-11,3518986.6301369863
2013-04-12,3519130.2164383563
2013-04-13,3519273.802739726
2013-04-14,3519417.389041096
2013-04-15,3519560.9753424656
2013-04-16,3519704.5616438356
2013-04-17,3519848.1479452057
2013-04-18,3519991.7342465753
2013-04-19,3520135.3205479453
2013-04-20,3520278.906849315
2013-04-21,3520422.493150685
2013-04-22,3520566.0794520546
2013-04-23,3520709.6657534246
2013-04-24,3520853.2520547947
2013-04-25,3520996.8383561643
2013-04-26,3521140.4246575343
2013-04-27,3521284.010958904
2013-04-28,3521427.597260274
2013-04-29,3521571.183561644
2013-04-30,3521714.7698630136
2013-05-01,3521858.3561643837
2013-05-02,3522001.9424657533
2013-05-03,3522145.5287671234
2013-05-04,3522289.115068493
2013-05-05,3522432.701369863
2013-05-06,3522576.287671233
2013-05-07,3522719.8739726027
2013-05-08,3522863.4602739727
2013-05-09,3523007.0465753423
2013-05-10,3523150.6328767124
2013-05-11,3523294.2191780824
2013-05-12,3523437.805479452
2013-05-13,3523581.391780822
2013-05-14,3523724.9780821917
2013-05-15,3523868.5643835617
2013-05-16,3524012.1506849313
2013-05-17,3524155.7369863014
2013-05-18,3524299.3232876714
2013-05-19,3524442.909589041
2013-05-20,3524586.495890411
2013-05-21,3524730.0821917807
2013-05-22,3524873.6684931507
2013-05-23,3525017.2547945203
2013-05-24,3525160.8410958904
2013-05-25,3525304.4273972604
2013-05-26,3525448.01369863
2013-05-27,3525591.6
2013-05-28,3525735.1863013697
2013-05-29,3525878.7726027397
2013-05-30,3526022.35890411
2013-05-31,3526165.9452054794
2013-06-01,3526309.5315068495
2013-06-02,3526453.117808219
2013-06-03,3526596.704109589
2013-06-04,3526740.2904109587
2013-06-05,3526883.8767123288
2013-06-06,3527027.463013699
2013-06-07,3527171.0493150684
2013-06-08,3527314.6356164385
2013-06-09,3527458.221917808
2013-06-10,3527601.808219178
2013-06-11,3527745.394520548
2013-06-12,3527888.9808219178
2013-06-13,3528032.567123288
2013-06-14,3528176.1534246574
2013-06-15,3528319.7397260275
2013-06-16,3528463.326027397
2013-06-17,3528606.912328767
2013-06-18,3528750.498630137
2013-06-19,3528894.084931507
2013-06-20,3529037.671232877
2013-06-21,3529181.2575342464
2013-06-22,3529324.8438356165
2013-06-23,3529468.430136986
2013-06-24,3529612.016438356
2013-06-25,3529755.602739726
2013-06-26,3529899.189041096
2013-06-27,3530042.775342466
2013-06-28,3530186.3616438354
2013-06-29,3530329.9479452055
2013-06-30,3530473.5342465756
2013-07-01,3530617.120547945
2013-07-02,3530760.706849315
2013-07-03,3530904.293150685
2013-07-04,3531047.879452055
2013-07-05,3531191.4657534244
2013-07-06,3531335.0520547945
2013-07-07,3531478.6383561646
2013-07-08,3531622.224657534
2013-07-09,3531765.810958904
2013-07-10,3531909.397260274
2013-07-11,3532052.983561644
2013-07-12,3532196.569863014
2013-07-13,3532340.1561643835
2013-07-14,3532483.7424657536
2013-07-15,3532627.328767123
2013-07-16,3532770.915068493
2013-07-17,3532914.501369863
2013-07-18,3533058.087671233
2013-07-19,3533201.673972603
2013-07-20,3533345.2602739725
2013-07-21,3533488.8465753426
2013-07-22,3533632.432876712
2013-07-23,3533776.0191780822
2013-07-24,3533919.605479452
2013-07-25,3534063.191780822
2013-07-26,3534206.778082192
2013-07-27,3534350.3643835615
2013-07-28,3534493.9506849316
2013-07-29,3534637.536986301
2013-07-30,3534781.1232876712
2013-07-31,3534924.7095890413
2013-08-01,3535068.295890411
2013-08-02,3535211.882191781
2013-08-03,3535355.4684931505
2013-08-04,3535499.0547945206
2013-08-05,3535642.64109589
2013-08-06,3535786.2273972603
2013-08-07,3535929.8136986303
2013-08-08,3536073.4
2013-08-09,3536216.98630137
2013-08-10,3536360.5726027396
2013-08-11,3536504.1589041096
2013-08-12,3536647.7452054797
2013-08-13,3536791.3315068493
2013-08-14,3536934.9178082193
2013-08-15,3537078.504109589
2013-08-16,3537222.090410959
2013-08-17,3537365.6767123286
2013-08-18,3537509.2630136986
2013-08-19,3537652.8493150687
2013-08-20,3537796.4356164383
2013-08-21,3537940.0219178083
2013-08-22,3538083.608219178
2013-08-23,3538227.194520548
2013-08-24,3538370.7808219176
2013-08-25,3538514.3671232876
2013-08-26,3538657.9534246577
2013-08-27,3538801.5397260273
2013-08-28,3538945.1260273973
2013-08-29,3539088.712328767
2013-08-30,3539232.298630137
2013-08-31,3539375.884931507
2013-09-01,3539519.4712328766
2013-09-02,3539663.0575342467
2013-09-03,3539806.6438356163
2013-09-04,3539950.2301369864
2013-09-05,3540093.816438356
2013-09-06,3540237.402739726
2013-09-07,3540380.989041096
2013-09-08,3540524.5753424657
2013-09-09,3540668.1616438357
2013-09-10,3540811.7479452053
2013-09-11,3540955.3342465754
2013-09-12,3541098.9205479454
2013-09-13,3541242.506849315
2013-09-14,3541386.093150685
2013-09-15,3541529.6794520547
2013-09-16,3541673.2657534247
2013-09-17,3541816.8520547943
2013-09-18,3541960.4383561644
2013-09-19,3542104.0246575344
2013-09-20,3542247.610958904
2013-09-21,3542391.197260274
2013-09-22,3542534.7835616437
2013-09-23,3542678.3698630137
2013-09-24,3542821.9561643833
2013-09-25,3542965.5424657534
2013-09-26,3543109.1287671234
2013-09-27,3543252.715068493
2013-09-28,3543396.301369863
2013-09-29,3543539.8876712327
2013-09-30,3543683.4739726027
2013-10-01,3543827.060273973
2013-10-02,3543970.6465753424
2013-10-03,3544114.2328767125
2013-10-04,3544257.819178082
2013-10-05,3544401.405479452
2013-10-06,3544544.9917808217
2013-10-07,3544688.5780821918
2013-10-08,3544832.164383562
2013-10-09,3544975.7506849314
2013-10-10,3545119.3369863015
2013-10-11,3545262.923287671
2013-10-12,3545406.509589041
2013-10-13,3545550.095890411
2013-10-14,3545693.682191781
2013-10-15,3545837.268493151
2013-10-16,3545980.8547945204
2013-10-17,3546124.4410958905
2013-10-18,3546268.02739726
2013-10-19,3546411.61369863
2013-10-20,3546555.2
2013-10-21,3546698.78630137
2013-10-22,3546842.37260274
2013-10-23,3546985.9589041094
2013-10-24,3547129.5452054795
2013-10-25,3547273.131506849
2013-10-26,3547416.717808219
2013-10-27,3547560.304109589
2013-10-28,3547703.890410959
2013-10-29,3547847.476712329
2013-10-30,3547991.0630136984
2013-10-31,3548134.6493150685
2013-11-01,3548278.2356164386
2013-11-02,3548421.821917808
2013-11-03,3548565.408219178
2013-11-04,3548708.994520548
2013-11-05,3548852.580821918
2013-11-06,3548996.1671232875
2013-11-07,3549139.7534246575
2013-11-08,3549283.3397260276
2013-11-09,3549426.926027397
2013-11-10,3549570.512328767
2013-11-11,3549714.098630137
2013-11-12,3549857.684931507
2013-11-13,3550001.271232877
2013-11-14,3550144.8575342465
2013-11-15,3550288.4438356166
2013-11-16,3550432.030136986
2013-11-17,3550575.616438356
2013-11-18,3550719.202739726
2013-11-19,3550862.789041096
2013-11-20,3551006.375342466
2013-11-21,3551149.9616438355
2013-11-22,3551293.5479452056
2013-11-23,3551437.134246575
2013-11-24,3551580.7205479452
2013-11-25,3551724.306849315
2013-11-26,3551867.893150685
2013-11-27,3552011.479452055
2013-11-28,3552155.0657534245
2013-11-29,3552298.6520547946
2013-11-30,3552442.238356164
2013-12-01,3552585.8246575342
2013-12-02,3552729.4109589043
2013-12-03,3552872.997260274
2013-12-04,3553016.583561644
2013-12-05,3553160.1698630136
2013-12-06,3553303.7561643836
2013-12-07,3553447.342465753
2013-12-08,3553590.9287671233
2013-12-09,3553734.5150684933
2013-12-10,3553878.101369863
2013-12-11,3554021.687671233
2013-12-12,3554165.2739726026
2013-12-13,3554308.8602739726
2013-12-14,3554452.4465753427
2013-12-15,3554596.0328767123
2013-12-16,3554739.6191780823
2013-12-17,3554883.205479452
2013-12-18,3555026.791780822
2013-12-19,3555170.3780821916
2013-12-20,3555313.9643835616
2013-12-21,3555457.5506849317
2013-12-22,3555601.1369863013
2013-12-23,3555744.7232876713
2013-12-24,3555888.309589041
2013-12-25,3556031.895890411
2013-12-26,3556175.482191781
2013-12-27,3556319.0684931506
2013-12-28,3556462.6547945207
2013-12-29,3556606.2410958903
2013-12-30,3556749.8273972603
2013-12-31,3556893.41369863
2014-01-01,3557037.0
2014-01-02,3557194.0520547945
2014-01-03,3557351.104109589
2014-01-04,3557508.1561643835
2014-01-05,3557665.208219178
2014-01-06,3557822.2602739725
2014-01-07,3557979.312328767
2014-01-08,3558136.3643835615
2014-01-09,3558293.416438356
2014-01-10,3558450.4684931505
2014-01-11,3558607.520547945
2014-01-12,3558764.5726027396
2014-01-13,3558921.624657534
2014-01-14,3559078.6767123286
2014-01-15,3559235.728767123
2014-01-16,3559392.7808219176
2014-01-17,3559549.8328767125
2014-01-18,3559706.884931507
2014-01-19,3559863.9369863016
2014-01-20,3560020.989041096
2014-01-21,3560178.0410958906
2014-01-22,3560335.093150685
2014-01-23,3560492.1452054796
2014-01-24,3560649.197260274
2014-01-25,3560806.2493150686
2014-01-26,3560963.301369863
2014-01-27,3561120.3534246576
2014-01-28,3561277.405479452
2014-01-29,3561434.4575342466
2014-01-30,3561591.509589041
2014-01-31,3561748.5616438356
2014-02-01,3561905.61369863
2014-02-02,3562062.6657534246
2014-02-03,3562219.717808219
2014-02-04,3562376.7698630136
2014-02-05,3562533.821917808
2014-02-06,3562690.8739726027
2014-02-07,3562847.926027397
2014-02-08,3563004.9780821917
2014-02-09,3563162.030136986
2014-02-10,3563319.0821917807
2014-02-11,3563476.134246575
2014-02-12,3563633.1863013697
2014-02-13,3563790.238356164
2014-02-14,3563947.2904109587
2014-02-15,3564104.342465753
2014-02-16,3564261.394520548
2014-02-17,3564418.4465753427
2014-02-18,3564575.498630137
2014-02-19,3564732.5506849317
2014-02-20,3564889.602739726
2014-02-21,3565046.6547945207
2014-02-22,3565203.706849315
2014-02-23,3565360.7589041097
2014-02-24,3565517.810958904
2014-02-25,3565674.8630136987
2014-02-26,3565831.915068493
2014-02-27,3565988.9671232877
2014-02-28,3566146.0191780822
2014-03-01,3566303.0712328767
2014-03-02,3566460.1232876712
2014-03-03,3566617.1753424658
2014-03-04,3566774.2273972603
2014-03-05,3566931.2794520548
2014-03-06,3567088.3315068493
2014-03-07,3567245.383561644
2014-03-08,3567402.4356164383
2014-03-09,3567559.487671233
2014-03-10,3567716.5397260273
2014-03-11,3567873.591780822
2014-03-12,3568030.6438356163
2014-03-13,3568187.695890411
2014-03-14,3568344.7479452053
2014-03-15,3568501.8
2014-03-16,3568658.8520547943
2014-03-17,3568815.904109589
2014-03-18,3568972.9561643833
2014-03-19,3569130.0082191783
2014-03-20,3569287.060273973
2014-03-21,3569444.1123287673
2014-03-22,3569601.164383562
2014-03-23,3569758.2164383563
2014-03-24,3569915.268493151
2014-03-25,3570072.3205479453
2014-03-26,3570229.37260274
2014-03-27,3570386.4246575343
2014-03-28,3570543.476712329
2014-03-29,3570700.5287671234
2014-03-30,3570857.580821918
2014-03-31,3571014.6328767124
2014-04-01,3571171.684931507
2014-04-02,3571328.7369863014
2014-04-03,3571485.789041096
2014-04-04,3571642.8410958904
2014-04-05,3571799.893150685
2014-04-06,3571956.9452054794
2014-04-07,3572113.997260274
2014-04-08,3572271.0493150684
2014-04-09,3572428.101369863
2014-04-10,3572585.1534246574
2014-04-11,3572742.205479452
2014-04-12,3572899.2575342464
2014-04-13,3573056.309589041
2014-04-14,3573213.3616438354
2014-04-15,3573370.41369863
2014-04-16,3573527.4657534244
2014-04-17,3573684.517808219
2014-04-18,3573841.569863014
2014-04-19,3573998.6219178084
2014-04-20,3574155.673972603
2014-04-21,3574312.7260273974
2014-04-22,3574469.778082192
2014-04-23,3574626.8301369864
2014-04-24,3574783.882191781
2014-04-25,3574940.9342465755
2014-04-26,3575097.98630137
2014-04-27,3575255.0383561645
2014-04-28,3575412.090410959
2014-04-29,3575569.1424657535
2014-04-30,3575726.194520548
2014-05-01,3575883.2465753425
2014-05-02,3576040.298630137
2014-05-03,3576197.3506849315
2014-05-04,3576354.402739726
2014-05-05,3576511.4547945205
2014-05-06,3576668.506849315
2014-05-07,3576825.5589041095
2014-05-08,3576982.610958904
2014-05-09,3577139.6630136985
2014-05-10,3577296.715068493
2014-05-11,3577453.7671232875
2014-05-12,3577610.819178082
2014-05-13,3577767.8712328766
2014-05-14,3577924.923287671
2014-05-15,3578081.9753424656
2014-05-16,3578239.02739726
2014-05-17,3578396.0794520546
2014-05-18,3578553.1315068495
2014-05-19,3578710.183561644
2014-05-20,3578867.2356164386
2014-05-21,3579024.287671233
2014-05-22,3579181.3397260276
2014-05-23,3579338.391780822
2014-05-24,3579495.4438356166
2014-05-25,3579652.495890411
2014-05-26,3579809.5479452056
2014-05-27,3579966.6
2014-05-28,3580123.6520547946
2014-05-29,3580280.704109589
2014-05-30,3580437.7561643836
2014-05-31,3580594.808219178
2014-06-01,3580751.8602739726
2014-06-02,3580908.912328767
2014-06-03,3581065.9643835616
2014-06-04,3581223.016438356
2014-06-05,3581380.0684931506
2014-06-06,3581537.120547945
2014-06-07,3581694.1726027397
2014-06-08,3581851.224657534
2014-06-09,3582008.2767123287
2014-06-10,3582165.328767123
2014-06-11,3582322.3808219177
2014-06-12,3582479.432876712
2014-06-13,3582636.4849315067
2014-06-14,3582793.536986301
2014-06-15,3582950.5890410957
2014-06-16,3583107.64109589
2014-06-17,3583264.6931506847
2014-06-18,3583421.7452054797
2014-06-19,3583578.797260274
2014-06-20,3583735.8493150687
2014-06-21,3583892.901369863
2014-06-22,3584049.9534246577
2014-06-23,3584207.005479452
2014-06-24,3584364.0575342467
2014-06-25,3584521.109589041
2014-06-26,3584678.1616438357
2014-06-27,3584835.21369863
2014-06-28,3584992.2657534247
2014-06-29,3585149.317808219
2014-06-30,3585306.3698630137
2014-07-01,3585463.4219178082
2014-07-02,3585620.4739726027
2014-07-03,3585777.5260273973
2014-07-04,3585934.5780821918
2014-07-05,3586091.6301369863
2014-07-06,3586248.682191781
2014-07-07,3586405.7342465753
2014-07-08,3586562.78630137
2014-07-09,3586719.8383561643
2014-07-10,3586876.890410959
2014-07-11,3587033.9424657533
2014-07-12,3587190.994520548
2014-07-13,3587348.0465753423
2014-07-14,3587505.098630137
2014-07-15,3587662.1506849313
2014-07-16,3587819.202739726
2014-07-17,3587976.2547945203
2014-07-18,3588133.3068493153
2014-07-19,3588290.35890411
2014-07-20,3588447.4109589043
2014-07-21,3588604.463013699
2014-07-22,3588761.5150684933
2014-07-23,3588918.567123288
2014-07-24,3589075.6191780823
2014-07-25,3589232.671232877
2014-07-26,3589389.7232876713
2014-07-27,3589546.775342466
2014-07-28,3589703.8273972603
2014-07-29,3589860.879452055
2014-07-30,3590017.9315068494
2014-07-31,3590174.983561644
2014-08-01,3590332.0356164384
2014-08-02,3590489.087671233
2014-08-03,3590646.1397260274
2014-08-04,3590803.191780822
2014-08-05,3590960.2438356164
2014-08-06,3591117.295890411
2014-08-07,3591274.3479452054
2014-08-08,3591431.4
2014-08-09,3591588.4520547944
2014-08-10,3591745.504109589
2014-08-11,3591902.5561643834
2014-08-12,3592059.608219178
2014-08-13,3592216.6602739724
2014-08-14,3592373.712328767
2014-08-15,3592530.7643835614
2014-08-16,3592687.816438356
2014-08-17,3592844.868493151
2014-08-18,3593001.9205479454
2014-08-19,3593158.97260274
2014-08-20,3593316.0246575344
2014-08-21,3593473.076712329
2014-08-22,3593630.1287671234
2014-08-23,3593787.180821918
2014-08-24,3593944.2328767125
2014-08-25,3594101.284931507
2014-08-26,3594258.3369863015
2014-08-27,3594415.389041096
2014-08-28,3594572.4410958905
2014-08-29,3594729.493150685
2014-08-30,3594886.5452054795
2014-08-31,3595043.597260274
2014-09-01,3595200.6493150685
2014-09-02,3595357.701369863
2014-09-03,3595514.7534246575
2014-09-04,3595671.805479452
2014-09-05,3595828.8575342465
2014-09-06,3595985.909589041
2014-09-07,3596142.9616438355
2014-09-08,3596300.01369863
2014-09-09,3596457.0657534245
2014-09-10,3596614.117808219
2014-09-11,3596771.1698630136
2014-09-12,3596928.221917808
2014-09-13,3597085.2739726026
2014-09-14,3597242.326027397
2014-09-15,3597399.3780821916
2014-09-16,3597556.430136986
2014-09-17,3597713.482191781
2014-09-18,3597870.5342465756
2014-09-19,3598027.58630137
2014-09-20,3598184.6383561646
2014-09-21,3598341.690410959
2014-09-22,3598498.7424657536
2014-09-23,3598655.794520548
2014-09-24,3598812.8465753426
2014-09-25,3598969.898630137
2014-09-26,3599126.9506849316
2014-09-27,3599284.002739726
2014-09-28,3599441.0547945206
2014-09-29,3599598.106849315
2014-09-30,3599755.1589041096
2014-10-01,3599912.210958904
2014-10-02,3600069.2630136986
2014-10-03,3600226.315068493
2014-10-04,3600383.3671232876
2014-10-05,3600540.419178082
2014-10-06,3600697.4712328766
2014-10-07,3600854.523287671
2014-10-08,3601011.5753424657
2014-10-09,3601168.62739726
2014-10-10,3601325.6794520547
2014-10-11,3601482.731506849
2014-10-12,3601639.7835616437
2014-10-13,3601796.835616438
2014-10-14,3601953.8876712327
2014-10-15,3602110.939726027
2014-10-16,3602267.9917808217
2014-10-17,3602425.0438356167
2014-10-18,3602582.095890411
2014-10-19,3602739.1479452057
2014-10-20,3602896.2
2014-10-21,3603053.2520547947
2014-10-22,3603210.304109589
2014-10-23,3603367.3561643837
2014-10-24,3603524.408219178
2014-10-25,3603681.4602739727
2014-10-26,3603838.512328767
2014-10-27,3603995.5643835617
2014-10-28,3604152.616438356
2014-10-29,3604309.6684931507
2014-10-30,3604466.7205479452
2014-10-31,3604623.7726027397
2014-11-01,3604780.8246575342
2014-11-02,3604937.8767123288
2014-11-03,3605094.9287671233
2014-11-04,3605251.9808219178
2014-11-05,3605409.0328767123
2014-11-06,3605566.084931507
2014-11-07,3605723.1369863013
2014-11-08,3605880.189041096
2014-11-09,3606037.2410958903
2014-11-10,3606194.293150685
2014-11-11,3606351.3452054793
2014-11-12,3606508.397260274
2014-11-13,3606665.4493150683
2014-11-14,3606822.501369863
2014-11-15,3606979.5534246573
2014-11-16,3607136.605479452
2014-11-17,3607293.657534247
2014-11-18,3607450.7095890413
2014-11-19,3607607.761643836
2014-11-20,3607764.8136986303
2014-11-21,3607921.865753425
2014-11-22,3608078.9178082193
2014-11-23,3608235.969863014
2014-11-24,3608393.0219178083
2014-11-25,3608550.073972603
2014-11-26,3608707.1260273973
2014-11-27,3608864.178082192
2014-11-28,3609021.2301369864
2014-11-29,3609178.282191781
2014-11-30,3609335.3342465754
2014-12-01,3609492.38630137
2014-12-02,3609649.4383561644
2014-12-03,3609806.490410959
2014-12-04,3609963.5424657534
2014-12-05,3610120.594520548
2014-12-06,3610277.6465753424
2014-12-07,3610434.698630137
2014-12-08,3610591.7506849314
2014-12-09,3610748.802739726
2014-12-10,3610905.8547945204
2014-12-11,3611062.906849315
2014-12-12,3611219.9589041094
2014-12-13,3611377.010958904
2014-12-14,3611534.0630136984
2014-12-15,3611691.115068493
2014-12-16,3611848.1671232875
2014-12-17,3612005.2191780824
2014-12-18,3612162.271232877
2014-12-19,3612319.3232876714
2014-12-20,3612476.375342466
2014-12-21,3612633.4273972604
2014-12-22,3612790.479452055
2014-12-23,3612947.5315068495
2014-12-24,3613104.583561644
2014-12-25,3613261.6356164385
2014-12-26,3613418.687671233
2014-12-27,3613575.7397260275
2014-12-28,3613732.791780822
2014-12-29,3613889.8438356165
2014-12-30,3614046.895890411
2014-12-31,3614203.9479452055
2015-01-01,3614361.0
2015-01-02,3614516.4356164383
2015-01-03,3614671.8712328766
2015-01-04,3614827.3068493153
2015-01-05,3614982.7424657536
2015-01-06,3615138.178082192
2015-01-07,3615293.61369863
2015-01-08,3615449.0493150684
2015-01-09,3615604.4849315067
2015-01-10,3615759.9205479454
2015-01-11,3615915.3561643837
2015-01-12,3616070.791780822
2015-01-13,3616226.2273972603
2015-01-14,3616381.6630136985
2015-01-15,3616537.098630137
2015-01-16,3616692.5342465756
2015-01-17,3616847.969863014
2015-01-18,3617003.405479452
2015-01-19,3617158.8410958904
2015-01-20,3617314.2767123287
2015-01-21,3617469.712328767
2015-01-22,3617625.1479452057
2015-01-23,3617780.583561644
2015-01-24,3617936.0191780822
2015-01-25,3618091.4547945205
2015-01-26,3618246.890410959
2015-01-27,3618402.326027397
2015-01-28,3618557.761643836
2015-01-29,3618713.197260274
2015-01-30,3618868.6328767124
2015-01-31,3619024.0684931506
2015-02-01,3619179.504109589
2015-02-02,3619334.939726027
2015-02-03,3619490.375342466
2015-02-04,3619645.810958904
2015-02-05,3619801.2465753425
2015-02-06,3619956.682191781
2015-02-07,3620112.117808219
2015-02-08,3620267.5534246573
2015-02-09,3620422.989041096
2015-02-10,3620578.4246575343
2015-02-11,3620733.8602739726
2015-02-12,3620889.295890411
2015-02-13,3621044.731506849
2015-02-14,3621200.1671232875
2015-02-15,3621355.602739726
2015-02-16,3621511.0383561645
2015-02-17,3621666.4739726027
2015-02-18,3621821.909589041
2015-02-19,3621977.3452054793
2015-02-20,3622132.7808219176
2015-02-21,3622288.2164383563
2015-02-22,3622443.6520547946
2015-02-23,3622599.087671233
2015-02-24,3622754.523287671
2015-02-25,3622909.9589041094
2015-02-26,3623065.394520548
2015-02-27,3623220.8301369864
2015-02-28,3623376.2657534247
2015-03-01,3623531.701369863
2015-03-02,3623687.1369863013
2015-03-03,3623842.5726027396
2015-03-04,3623998.0082191783
2015-03-05,3624153.4438356166
2015-03-06,3624308.879452055
2015-03-07,3624464.315068493
2015-03-08,3624619.7506849314
2015-03-09,3624775.1863013697
2015-03-10,3624930.6219178084
2015-03-11,3625086.0575342467
2015-03-12,3625241.493150685
2015-03-13,3625396.9287671233
2015-03-14,3625552.3643835615
2015-03-15,3625707.8
2015-03-16,3625863.2356164386
2015-03-17,3626018.671232877
2015-03-18,3626174.106849315
2015-03-19,3626329.5424657534
2015-03-20,3626484.9780821917
2015-03-21,3626640.41369863
2015-03-22,3626795.8493150687
2015-03-23,3626951.284931507
2015-03-24,3627106.7205479452
2015-03-25,3627262.1561643835
2015-03-26,3627417.591780822
2015-03-27,3627573.02739726
2015-03-28,3627728.463013699
2015-03-29,3627883.898630137
2015-03-30,3628039.3342465754
2015-03-31,3628194.7698630136
2015-04-01,3628350.205479452
2015-04-02,3628505.64109589
2015-04-03,3628661.076712329
2015-04-04,3628816.512328767
2015-04-05,3628971.9479452055
2015-04-06,3629127.383561644
2015-04-07,3629282.819178082
2015-04-08,3629438.2547945203
2015-04-09,3629593.690410959
2015-04-10,3629749.1260273973
2015-04-11,3629904.5616438356
2015-04-12,3630059.997260274
2015-04-13,3630215.432876712
2015-04-14,3630370.8684931505
2015-04-15,3630526.304109589
2015-04-16,3630681.7397260275
2015-04-17,3630837.1753424658
2015-04-18,3630992.610958904
2015-04-19,3631148.0465753423
2015-04-20,3631303.482191781
2015-04-21,3631458.9178082193
2015-04-22,3631614.3534246576
2015-04-23,3631769.789041096
2015-04-24,3631925.224657534
2015-04-25,3632080.6602739724
2015-04-26,3632236.095890411
2015-04-27,3632391.5315068495
2015-04-28,3632546.9671232877
2015-04-29,3632702.402739726
2015-04-30,3632857.8383561643
2015-05-01,3633013.2739726026
2015-05-02,3633168.7095890413
2015-05-03,3633324.1452054796
2015-05-04,3633479.580821918
2015-05-05,3633635.016438356
2015-05-06,3633790.4520547944
2015-05-07,3633945.8876712327
2015-05-08,3634101.3232876714
2015-05-09,3634256.7589041097
2015-05-10,3634412.194520548
2015-05-11,3634567.6301369863
2015-05-12,3634723.0657534245
2015-05-13,3634878.501369863
2015-05-14,3635033.9369863016
2015-05-15,3635189.37260274
2015-05-16,3635344.808219178
2015-05-17,3635500.2438356164
2015-05-18,3635655.6794520547
2015-05-19,3635811.115068493
2015-05-20,3635966.5506849317
2015-05-21,3636121.98630137
2015-05-22,3636277.4219178082
2015-05-23,3636432.8575342465
2015-05-24,3636588.293150685
2015-05-25,3636743.728767123
2015-05-26,3636899.164383562
2015-05-27,3637054.6
2015-05-28,3637210.0356164384
2015-05-29,3637365.4712328766
2015-05-30,3637520.906849315
2015-05-31,3637676.342465753
2015-06-01,3637831.778082192
2015-06-02,3637987.21369863
2015-06-03,3638142.6493150685
2015-06-04,3638298.084931507
2015-06-05,3638453.520547945
2015-06-06,3638608.9561643833
2015-06-07,3638764.391780822
2015-06-08,3638919.8273972603
2015-06-09,3639075.2630136986
2015-06-10,3639230.698630137
2015-06-11,3639386.134246575
2015-06-12,3639541.569863014
2015-06-13,3639697.005479452
2015-06-14,3639852.4410958905
2015-06-15,3640007.8767123288
2015-06-16,3640163.312328767
2015-06-17,3640318.7479452053
2015-06-18,3640474.183561644
2015-06-19,3640629.6191780823
2015-06-20,3640785.0547945206
2015-06-21,3640940.490410959
2015-06-22,3641095.926027397
2015-06-23,3641251.3616438354
2015-06-24,3641406.797260274
2015-06-25,3641562.2328767125
2015-06-26,3641717.6684931507
2015-06-27,3641873.104109589
2015-06-28,3642028.5397260273
2015-06-29,3642183.9753424656
2015-06-30,3642339.4109589043
2015-07-01,3642494.8465753426
2015-07-02,3642650.282191781
2015-07-03,3642805.717808219
2015-07-04,3642961.1534246574
2015-07-05,3643116.5890410957
2015-07-06,3643272.0246575344
2015-07-07,3643427.4602739727
2015-07-08,3643582.895890411
2015-07-09,3643738.3315068493
2015-07-10,3643893.7671232875
2015-07-11,3644049.202739726
2015-07-12,3644204.6383561646
2015-07-13,3644360.073972603
2015-07-14,3644515.509589041
2015-07-15,3644670.9452054794
2015-07-16,3644826.3808219177
2015-07-17,3644981.816438356
2015-07-18,3645137.2520547947
2015-07-19,3645292.687671233
2015-07-20,3645448.1232876712
2015-07-21,3645603.5589041095
2015-07-22,3645758.994520548
2015-07-23,3645914.430136986
2015-07-24,3646069.865753425
2015-07-25,3646225.301369863
2015-07-26,3646380.7369863014
2015-07-27,3646536.1726027397
2015-07-28,3646691.608219178
2015-07-29,3646847.0438356167
2015-07-30,3647002.479452055
2015-07-31,3647157.915068493
2015-08-01,3647313.3506849315
2015-08-02,3647468.78630137
2015-08-03,3647624.221917808
2015-08-04,3647779.657534247
2015-08-05,3647935.093150685
2015-08-06,3648090.5287671234
2015-08-07,3648245.9643835616
2015-08-08,3648401.4
2015-08-09,3648556.835616438
2015-08-10,3648712.271232877
2015-08-11,3648867.706849315
2015-08-12,3649023.1424657535
2015-08-13,3649178.5780821918
2015-08-14,3649334.01369863
2015-08-15,3649489.4493150683
2015-08-16,3649644.884931507
2015-08-17,3649800.3205479453
2015-08-18,3649955.7561643836
2015-08-19,3650111.191780822
2015-08-20,3650266.62739726
2015-08-21,3650422.0630136984
2015-08-22,3650577.498630137
2015-08-23,3650732.9342465755
2015-08-24,3650888.3698630137
2015-08-25,3651043.805479452
2015-08-26,3651199.2410958903
2015-08-27,3651354.6767123286
2015-08-28,3651510.1123287673
2015-08-29,3651665.5479452056
2015-08-30,3651820.983561644
2015-08-31,3651976.419178082
2015-09-01,3652131.8547945204
2015-09-02,3652287.2904109587
2015-09-03,3652442.7260273974
2015-09-04,3652598.1616438357
2015-09-05,3652753.597260274
2015-09-06,3652909.0328767123
2015-09-07,3653064.4684931505
2015-09-08,3653219.904109589
2015-09-09,3653375.3397260276
2015-09-10,3653530.775342466
2015-09-11,3653686.210958904
2015-09-12,3653841.6465753424
2015-09-13,3653997.0821917807
2015-09-14,3654152.517808219
2015-09-15,3654307.9534246577
2015-09-16,3654463.389041096
2015-09-17,3654618.8246575342
2015-09-18,3654774.2602739725
2015-09-19,3654929.695890411
2015-09-20,3655085.131506849
2015-09-21,3655240.567123288
2015-09-22,3655396.002739726
2015-09-23,3655551.4383561644
2015-09-24,3655706.8739726027
2015-09-25,3655862.309589041
2015-09-26,3656017.7452054797
2015-09-27,3656173.180821918
2015-09-28,3656328.616438356
2015-09-29,3656484.0520547945
2015-09-30,3656639.487671233
2015-10-01,3656794.923287671
2015-10-02,3656950.35890411
2015-10-03,3657105.794520548
2015-10-04,3657261.2301369864
2015-10-05,3657416.6657534246
2015-10-06,3657572.101369863
2015-10-07,3657727.536986301
2015-10-08,3657882.97260274
2015-10-09,3658038.408219178
2015-10-10,3658193.8438356165
2015-10-11,3658349.2794520548
2015-10-12,3658504.715068493
2015-10-13,3658660.1506849313
2015-10-14,3658815.58630137
2015-10-15,3658971.0219178083
2015-10-16,3659126.4575342466
2015-10-17,3659281.893150685
2015-10-18,3659437.328767123
2015-10-19,3659592.7643835614
2015-10-20,3659748.2
2015-10-21,3659903.6356164385
2015-10-22,3660059.0712328767
2015-10-23,3660214.506849315
2015-10-24,3660369.9424657533
2015-10-25,3660525.3780821916
2015-10-26,3660680.8136986303
2015-10-27,3660836.2493150686
2015-10-28,3660991.684931507
2015-10-29,3661147.120547945
2015-10-30,3661302.5561643834
2015-10-31,3661457.9917808217
2015-11-01,3661613.4273972604
2015-11-02,3661768.8630136987
2015-11-03,3661924.298630137
2015-11-04,3662079.7342465753
2015-11-05,3662235.1698630136
2015-11-06,3662390.605479452
2015-11-07,3662546.0410958906
2015-11-08,3662701.476712329
2015-11-09,3662856.912328767
2015-11-10,3663012.3479452054
2015-11-11,3663167.7835616437
2015-11-12,3663323.2191780824
2015-11-13,3663478.6547945207
2015-11-14,3663634.090410959
2015-11-15,3663789.5260273973
2015-11-16,3663944.9616438355
2015-11-17,3664100.397260274
2015-11-18,3664255.8328767125
2015-11-19,3664411.268493151
2015-11-20,3664566.704109589
2015-11-21,3664722.1397260274
2015-11-22,3664877.5753424657
2015-11-23,3665033.010958904
2015-11-24,3665188.4465753427
2015-11-25,3665343.882191781
2015-11-26,3665499.317808219
2015-11-27,3665654.7534246575
2015-11-28,3665810.189041096
2015-11-29,3665965.624657534
2015-11-30,3666121.060273973
2015-12-01,3666276.495890411
2015-12-02,3666431.9315068494
2015-12-03,3666587.3671232876
2015-12-04,3666742.802739726
2015-12-05,3666898.238356164
2015-12-06,3667053.673972603
2015-12-07,3667209.109589041
2015-12-08,3667364.5452054795
2015-12-09,3667519.9808219178
2015-12-10,3667675.416438356
2015-12-11,3667830.8520547943
2015-12-12,3667986.287671233
2015-12-13,3668141.7232876713
2015-12-14,3668297.1589041096
2015-12-15,3668452.594520548
2015-12-16,3668608.030136986
2015-12-17,3668763.4657534244
2015-12-18,3668918.901369863
2015-12-19,3669074.3369863015
2015-12-20,3669229.7726027397
2015-12-21,3669385.208219178
2015-12-22,3669540.6438356163
2015-12-23,3669696.0794520546
2015-12-24,3669851.5150684933
2015-12-25,3670006.9506849316
2015-12-26,3670162.38630137
2015-12-27,3670317.821917808
2015-12-28,3670473.2575342464
2015-12-29,3670628.6931506847
2015-12-30,3670784.1287671234
2015-12-31,3670939.5643835617
2016-01-01,3671095.0
2016-01-02,3671237.1775956284
2016-01-03,3671379.355191257
2016-01-04,3671521.5327868853
2016-01-05,3671663.7103825137
2016-01-06,3671805.887978142
2016-01-07,3671948.0655737706
2016-01-08,3672090.243169399
2016-01-09,3672232.4207650274
2016-01-10,3672374.598360656
2016-01-11,3672516.7759562843
2016-01-12,3672658.9535519127
2016-01-13,3672801.131147541
2016-01-14,3672943.3087431695
2016-01-15,3673085.486338798
2016-01-16,3673227.6639344264
2016-01-17,3673369.841530055
2016-01-18,3673512.0191256832
2016-01-19,3673654.1967213117
2016-01-20,3673796.37431694
2016-01-21,3673938.5519125685
2016-01-22,3674080.729508197
2016-01-23,3674222.9071038254
2016-01-24,3674365.0846994533
2016-01-25,3674507.2622950817
2016-01-26,3674649.43989071
2016-01-27,3674791.6174863386
2016-01-28,3674933.795081967
2016-01-29,3675075.9726775954
2016-01-30,3675218.150273224
2016-01-31,3675360.3278688523
2016-02-01,3675502.5054644807
2016-02-02,3675644.683060109
2016-02-03,3675786.8606557376
2016-02-04,3675929.038251366
2016-02-05,3676071.2158469944
2016-02-06,3676213.393442623
2016-02-07,3676355.5710382513
2016-02-08,3676497.7486338797
2016-02-09,3676639.926229508
2016-02-10,3676782.1038251366
2016-02-11,3676924.281420765
2016-02-12,3677066.4590163934
2016-02-13,3677208.636612022
2016-02-14,3677350.8142076503
2016-02-15,3677492.9918032787
2016-02-16,3677635.169398907
2016-02-17,3677777.3469945355
2016-02-18,3677919.524590164
2016-02-19,3678061.7021857924
2016-02-20,3678203.879781421
2016-02-21,3678346.0573770492
2016-02-22,3678488.2349726777
2016-02-23,3678630.412568306
2016-02-24,3678772.5901639345
2016-02-25,3678914.767759563
2016-02-26,3679056.9453551914
2016-02-27,3679199.12295082
2016-02-28,3679341.300546448
2016-02-29,3679483.4781420766
2016-03-01,3679625.655737705
2016-03-02,3679767.8333333335
2016-03-03,3679910.010928962
2016-03-04,3680052.1885245903
2016-03-05,3680194.3661202188
2016-03-06,3680336.543715847
2016-03-07,3680478.7213114756
2016-03-08,3680620.898907104
2016-03-09,3680763.0765027325
2016-03-10,3680905.2540983604
2016-03-11,3681047.431693989
2016-03-12,3681189.6092896173
2016-03-13,3681331.7868852457
2016-03-14,3681473.964480874
2016-03-15,3681616.1420765026
2016-03-16,3681758.319672131
2016-03-17,3681900.4972677594
2016-03-18,3682042.674863388
2016-03-19,3682184.8524590163
2016-03-20,3682327.0300546447
2016-03-21,3682469.207650273
2016-03-22,3682611.3852459015
2016-03-23,3682753.56284153
2016-03-24,3682895.7404371584
2016-03-25,3683037.918032787
2016-03-26,3683180.0956284152
2016-03-27,3683322.2732240437
2016-03-28,3683464.450819672
2016-03-29,3683606.6284153005
2016-03-30,3683748.806010929
2016-03-31,3683890.9836065574
2016-04-01,3684033.161202186
2016-04-02,3684175.338797814
2016-04-03,3684317.5163934426
2016-04-04,3684459.693989071
2016-04-05,3684601.8715846995
2016-04-06,3684744.049180328
2016-04-07,3684886.2267759563
2016-04-08,3685028.4043715848
2016-04-09,3685170.581967213
2016-04-10,3685312.7595628416
2016-04-11,3685454.93715847
2016-04-12,3685597.1147540985
2016-04-13,3685739.292349727
2016-04-14,3685881.4699453553
2016-04-15,3686023.6475409837
2016-04-16,3686165.825136612
2016-04-17,3686308.0027322406
2016-04-18,3686450.180327869
2016-04-19,3686592.3579234974
2016-04-20,3686734.535519126
2016-04-21,3686876.7131147543
2016-04-22,3687018.8907103827
2016-04-23,3687161.068306011
2016-04-24,3687303.2459016396
2016-04-25,3687445.4234972675
2016-04-26,3687587.601092896
2016-04-27,3687729.7786885244
2016-04-28,3687871.956284153
2016-04-29,3688014.1338797812
2016-04-30,3688156.3114754097
2016-05-01,3688298.489071038
2016-05-02,3688440.6666666665
2016-05-03,3688582.844262295
2016-05-04,3688725.0218579234
2016-05-05,3688867.199453552
2016-05-06,3689009.37704918
2016-05-07,3689151.5546448086
2016-05-08,3689293.732240437
2016-05-09,3689435.9098360655
2016-05-10,3689578.087431694
2016-05-11,3689720.2650273223
2016-05-12,3689862.4426229508
2016-05-13,3690004.620218579
2016-05-14,3690146.7978142076
2016-05-15,3690288.975409836
2016-05-16,3690431.1530054645
2016-05-17,3690573.330601093
2016-05-18,3690715.5081967213
2016-05-19,3690857.6857923497
2016-05-20,3690999.863387978
2016-05-21,3691142.0409836066
2016-05-22,3691284.218579235
2016-05-23,3691426.3961748634
2016-05-24,3691568.573770492
2016-05-25,3691710.7513661203
2016-05-26,3691852.9289617487
2016-05-27,3691995.106557377
2016-05-28,3692137.2841530056
2016-05-29,3692279.461748634
2016-05-30,3692421.6393442624
2016-05-31,3692563.816939891
2016-06-01,3692705.9945355193
2016-06-02,3692848.1721311477
2016-06-03,3692990.349726776
2016-06-04,3693132.5273224046
2016-06-05,3693274.704918033
2016-06-06,3693416.8825136614
2016-06-07,3693559.06010929
2016-06-08,3693701.2377049183
2016-06-09,3693843.415300546
2016-06-10,3693985.5928961746
2016-06-11,3694127.770491803
2016-06-12,3694269.9480874315
2016-06-13,3694412.12568306
2016-06-14,3694554.3032786883
2016-06-15,3694696.4808743168
2016-06-16,3694838.658469945
2016-06-17,3694980.8360655736
2016-06-18,3695123.013661202
2016-06-19,3695265.1912568305
2016-06-20,3695407.368852459
2016-06-21,3695549.5464480873
2016-06-22,3695691.7240437157
2016-06-23,3695833.901639344
2016-06-24,3695976.0792349726
2016-06-25,3696118.256830601
2016-06-26,3696260.4344262294
2016-06-27,3696402.612021858
2016-06-28,3696544.7896174863
2016-06-29,3696686.9672131147
2016-06-30,3696829.144808743
2016-07-01,3696971.3224043716
2016-07-02,3697113.5
2016-07-03,3697255.6775956284
2016-07-04,3697397.855191257
2016-07-05,3697540.0327868853
2016-07-06,3697682.2103825137
2016-07-07,3697824.387978142
2016-07-08,3697966.5655737706
2016-07-09,3698108.743169399
2016-07-10,3698250.9207650274
2016-07-11,3698393.098360656
2016-07-12,3698535.2759562843
2016-07-13,3698677.4535519127
2016-07-14,3698819.631147541
2016-07-15,3698961.8087431695
2016-07-16,3699103.986338798
2016-07-17,3699246.1639344264
2016-07-18,3699388.341530055
2016-07-19,3699530.5191256832
2016-07-20,3699672.6967213117
2016-07-21,3699814.87431694
2016-07-22,3699957.0519125685
2016-07-23,3700099.229508197
2016-07-24,3700241.4071038254
2016-07-25,3700383.584699454
2016-07-26,3700525.7622950817
2016-07-27,3700667.93989071
2016-07-28,3700810.1174863386
2016-07-29,3700952.295081967
2016-07-30,3701094.4726775954
2016-07-31,3701236.650273224
2016-08-01,3701378.8278688523
2016-08-02,3701521.0054644807
2016-08-03,3701663.183060109
2016-08-04,3701805.3606557376
2016-08-05,3701947.538251366
2016-08-06,3702089.7158469944
2016-08-07,3702231.893442623
2016-08-08,3702374.0710382513
2016-08-09,3702516.2486338797
2016-08-10,3702658.426229508
2016-08-11,3702800.6038251366
2016-08-12,3702942.781420765
2016-08-13,3703084.9590163934
2016-08-14,3703227.136612022
2016-08-15,3703369.3142076503
2016-08-16,3703511.4918032787
2016-08-17,3703653.669398907
2016-08-18,3703795.8469945355
2016-08-19,3703938.024590164
2016-08-20,3704080.2021857924
2016-08-21,3704222.379781421
2016-08-22,3704364.5573770492
2016-08-23,3704506.7349726777
2016-08-24,3704648.912568306
2016-08-25,3704791.0901639345
2016-08-26,3704933.267759563
2016-08-27,3705075.4453551914
2016-08-28,3705217.62295082
2016-08-29,3705359.800546448
2016-08-30,3705501.9781420766
2016-08-31,3705644.155737705
2016-09-01,3705786.3333333335
2016-09-02,3705928.510928962
2016-09-03,3706070.6885245903
2016-09-04,3706212.8661202188
2016-09-05,3706355.043715847
2016-09-06,3706497.2213114756
2016-09-07,3706639.398907104
2016-09-08,3706781.5765027325
2016-09-09,3706923.7540983604
2016-09-10,3707065.931693989
2016-09-11,3707208.1092896173
2016-09-12,3707350.2868852457
2016-09-13,3707492.464480874
2016-09-14,3707634.6420765026
2016-09-15,3707776.819672131
2016-09-16,3707918.9972677594
2016-09-17,3708061.174863388
2016-09-18,3708203.3524590163
2016-09-19,3708345.5300546447
2016-09-20,3708487.707650273
2016-09-21,3708629.8852459015
2016-09-22,3708772.06284153
2016-09-23,3708914.2404371584
2016-09-24,3709056.418032787
2016-09-25,3709198.5956284152
2016-09-26,3709340.7732240437
2016-09-27,3709482.950819672
2016-09-28,3709625.1284153005
2016-09-29,3709767.306010929
2016-09-30,3709909.4836065574
2016-10-01,3710051.661202186
2016-10-02,3710193.838797814
2016-10-03,3710336.0163934426
2016-10-04,3710478.193989071
2016-10-05,3710620.3715846995
2016-10-06,3710762.549180328
2016-10-07,3710904.7267759563
2016-10-08,3711046.9043715848
2016-10-09,3711189.081967213
2016-10-10,3711331.2595628416
2016-10-11,3711473.43715847
2016-10-12,3711615.6147540985
2016-10-13,3711757.792349727
2016-10-14,3711899.9699453553
2016-10-15,3712042.1475409837
2016-10-16,3712184.325136612
2016-10-17,3712326.5027322406
2016-10-18,3712468.680327869
2016-10-19,3712610.8579234974
2016-10-20,3712753.035519126
2016-10-21,3712895.2131147543
2016-10-22,3713037.3907103827
2016-10-23,3713179.568306011
2016-10-24,3713321.7459016396
2016-10-25,3713463.9234972675
2016-10-26,3713606.101092896
2016-10-27,3713748.2786885244
2016-10-28,3713890.456284153
2016-10-29,3714032.6338797812
2016-10-30,3714174.8114754097
2016-10-31,3714316.989071038
2016-11-01,3714459.1666666665
2016-11-02,3714601.344262295
2016-11-03,3714743.5218579234
2016-11-04,3714885.699453552
2016-11-05,3715027.87704918
2016-11-06,3715170.0546448086
2016-11-07,3715312.232240437
2016-11-08,3715454.4098360655
2016-11-09,3715596.587431694
2016-11-10,3715738.7650273223
2016-11-11,3715880.9426229508
2016-11-12,3716023.120218579
2016-11-13,3716165.2978142076
2016-11-14,3716307.475409836
2016-11-15,3716449.6530054645
2016-11-16,3716591.830601093
2016-11-17,3716734.0081967213
2016-11-18,3716876.1857923497
2016-11-19,3717018.363387978
2016-11-20,3717160.5409836066
2016-11-21,3717302.718579235
2016-11-22,3717444.8961748634
2016-11-23,3717587.073770492
2016-11-24,3717729.2513661203
2016-11-25,3717871.4289617487
2016-11-26,3718013.606557377
2016-11-27,3718155.7841530056
2016-11-28,3718297.961748634
2016-11-29,3718440.1393442624
2016-11-30,3718582.316939891
2016-12-01,3718724.4945355193
2016-12-02,3718866.6721311477
2016-12-03,3719008.849726776
2016-12-04,3719151.0273224046
2016-12-05,3719293.204918033
2016-12-06,3719435.3825136614
2016-12-07,3719577.56010929
2016-12-08,3719719.7377049183
2016-12-09,3719861.915300546
2016-12-10,3720004.0928961746
2016-12-11,3720146.270491803
2016-12-12,3720288.4480874315
2016-12-13,3720430.62568306
2016-12-14,3720572.8032786883
2016-12-15,3720714.9808743168
2016-12-16,3720857.158469945
2016-12-17,3720999.3360655736
2016-12-18,3721141.513661202
2016-12-19,3721283.6912568305
2016-12-20,3721425.868852459
2016-12-21,3721568.0464480873
2016-12-22,3721710.2240437157
2016-12-23,3721852.401639344
2016-12-24,3721994.5792349726
2016-12-25,3722136.756830601
2016-12-26,3722278.9344262294
2016-12-27,3722421.112021858
2016-12-28,3722563.2896174863
2016-12-29,3722705.4672131147
2016-12-30,3722847.644808743
2016-12-31,3722989.8224043716
2017-01-01,3723132.0
2017-01-02,3723274.567123288
2017-01-03,3723417.134246575
2017-01-04,3723559.701369863
2017-01-05,3723702.268493151
2017-01-06,3723844.835616438
2017-01-07,3723987.402739726
2017-01-08,3724129.969863014
2017-01-09,3724272.536986301
2017-01-10,3724415.104109589
2017-01-11,3724557.671232877
2017-01-12,3724700.238356164
2017-01-13,3724842.805479452
2017-01-14,3724985.37260274
2017-01-15,3725127.939726027
2017-01-16,3725270.506849315
2017-01-17,3725413.073972603
2017-01-18,3725555.64109589
2017-01-19,3725698.208219178
2017-01-20,3725840.775342466
2017-01-21,3725983.342465753
2017-01-22,3726125.909589041
2017-01-23,3726268.476712329
2017-01-24,3726411.0438356167
2017-01-25,3726553.610958904
2017-01-26,3726696.178082192
2017-01-27,3726838.7452054797
2017-01-28,3726981.312328767
2017-01-29,3727123.879452055
2017-01-30,3727266.4465753427
2017-01-31,3727409.01369863
2017-02-01,3727551.580821918
2017-02-02,3727694.1479452057
2017-02-03,3727836.715068493
2017-02-04,3727979.282191781
2017-02-05,3728121.8493150687
2017-02-06,3728264.416438356
2017-02-07,3728406.983561644
2017-02-08,3728549.5506849317
2017-02-09,3728692.117808219
2017-02-10,3728834.684931507
2017-02-11,3728977.2520547947
2017-02-12,3729119.819178082
2017-02-13,3729262.38630137
2017-02-14,3729404.9534246577
2017-02-15,3729547.520547945
2017-02-16,3729690.087671233
2017-02-17,3729832.6547945207
2017-02-18,3729975.221917808
2017-02-19,3730117.789041096
2017-02-20,3730260.3561643837
2017-02-21,3730402.923287671
2017-02-22,3730545.490410959
2017-02-23,3730688.0575342467
2017-02-24,3730830.624657534
2017-02-25,3730973.191780822
2017-02-26,3731115.7589041097
2017-02-27,3731258.326027397
2017-02-28,3731400.893150685
2017-03-01,3731543.4602739727
2017-03-02,3731686.02739726
2017-03-03,3731828.594520548
2017-03-04,3731971.1616438357
2017-03-05,3732113.728767123
2017-03-06,3732256.295890411
2017-03-07,3732398.8630136987
2017-03-08,3732541.430136986
2017-03-09,3732683.997260274
2017-03-10,3732826.5643835617
2017-03-11,3732969.1315068495
2017-03-12,3733111.698630137
2017-03-13,3733254.2657534247
2017-03-14,3733396.8328767125
2017-03-15,3733539.4
2017-03-16,3733681.9671232877
2017-03-17,3733824.5342465756
2017-03-18,3733967.101369863
2017-03-19,3734109.6684931507
2017-03-20,3734252.2356164386
2017-03-21,3734394.802739726
2017-03-22,3734537.3698630137
2017-03-23,3734679.9369863016
2017-03-24,3734822.504109589
2017-03-25,3734965.0712328767
2017-03-26,3735107.6383561646
2017-03-27,3735250.205479452
2017-03-28,3735392.7726027397
2017-03-29,3735535.3397260276
2017-03-30,3735677.906849315
2017-03-31,3735820.4739726027
2017-04-01,3735963.0410958906
2017-04-02,3736105.608219178
2017-04-03,3736248.1753424658
2017-04-04,3736390.7424657536
2017-04-05,3736533.309589041
2017-04-06,3736675.8767123288
2017-04-07,3736818.4438356166
2017-04-08,3736961.010958904
2017-04-09,3737103.5780821918
2017-04-10,3737246.1452054796
2017-04-11,3737388.712328767
2017-04-12,3737531.2794520548
2017-04-13,3737673.8465753426
2017-04-14,3737816.41369863
2017-04-15,3737958.9808219178
2017-04-16,3738101.5479452056
2017-04-17,3738244.115068493
2017-04-18,3738386.682191781
2017-04-19,3738529.2493150686
2017-04-20,3738671.816438356
2017-04-21,3738814.383561644
2017-04-22,3738956.9506849316
2017-04-23,3739099.517808219
2017-04-24,3739242.084931507
2017-04-25,3739384.6520547946
2017-04-26,3739527.2191780824
2017-04-27,3739669.78630137
2017-04-28,3739812.3534246576
2017-04-29,3739954.9205479454
2017-04-30,3740097.487671233
2017-05-01,3740240.0547945206
2017-05-02,3740382.6219178084
2017-05-03,3740525.189041096
2017-05-04,3740667.7561643836
2017-05-05,3740810.3232876714
2017-05-06,3740952.890410959
2017-05-07,3741095.4575342466
2017-05-08,3741238.0246575344
2017-05-09,3741380.591780822
2017-05-10,3741523.1589041096
2017-05-11,3741665.7260273974
2017-05-12,3741808.293150685
2017-05-13,3741950.8602739726
2017-05-14,3742093.4273972604
2017-05-15,3742235.994520548
2017-05-16,3742378.5616438356
2017-05-17,3742521.1287671234
2017-05-18,3742663.695890411
2017-05-19,3742806.2630136986
2017-05-20,3742948.8301369864
2017-05-21,3743091.397260274
2017-05-22,3743233.9643835616
2017-05-23,3743376.5315068495
2017-05-24,3743519.098630137
2017-05-25,3743661.6657534246
2017-05-26,3743804.2328767125
2017-05-27,3743946.8
2017-05-28,3744089.3671232876
2017-05-29,3744231.9342465755
2017-05-30,3744374.501369863
2017-05-31,3744517.0684931506
2017-06-01,3744659.6356164385
2017-06-02,3744802.202739726
2017-06-03,3744944.7698630136
2017-06-04,3745087.3369863015
2017-06-05,3745229.904109589
2017-06-06,3745372.4712328766
2017-06-07,3745515.0383561645
2017-06-08,3745657.605479452
2017-06-09,3745800.1726027397
2017-06-10,3745942.7397260275
2017-06-11,3746085.3068493153
2017-06-12,3746227.8739726027
2017-06-13,3746370.4410958905
2017-06-14,3746513.0082191783
2017-06-15,3746655.5753424657
2017-06-16,3746798.1424657535
2017-06-17,3746940.7095890413
2017-06-18,3747083.2767123287
2017-06-19,3747225.8438356165
2017-06-20,3747368.4109589043
2017-06-21,3747510.9780821917
2017-06-22,3747653.5452054795
2017-06-23,3747796.1123287673
2017-06-24,3747938.6794520547
2017-06-25,3748081.2465753425
2017-06-26,3748223.8136986303
2017-06-27,3748366.3808219177
2017-06-28,3748508.9479452055
2017-06-29,3748651.5150684933
2017-06-30,3748794.0821917807
2017-07-01,3748936.6493150685
2017-07-02,3749079.2164383563
2017-07-03,3749221.7835616437
2017-07-04,3749364.3506849315
2017-07-05,3749506.9178082193
2017-07-06,3749649.4849315067
2017-07-07,3749792.0520547945
2017-07-08,3749934.6191780823
2017-07-09,3750077.1863013697
2017-07-10,3750219.7534246575
2017-07-11,3750362.3205479453
2017-07-12,3750504.8876712327
2017-07-13,3750647.4547945205
2017-07-14,3750790.0219178083
2017-07-15,3750932.5890410957
2017-07-16,3751075.1561643835
2017-07-17,3751217.7232876713
2017-07-18,3751360.2904109587
2017-07-19,3751502.8575342465
2017-07-20,3751645.4246575343
2017-07-21,3751787.9917808217
2017-07-22,3751930.5589041095
2017-07-23,3752073.1260273973
2017-07-24,3752215.6931506847
2017-07-25,3752358.2602739725
2017-07-26,3752500.8273972603
2017-07-27,3752643.394520548
2017-07-28,3752785.9616438355
2017-07-29,3752928.5287671234
2017-07-30,3753071.095890411
2017-07-31,3753213.6630136985
2017-08-01,3753356.2301369864
2017-08-02,3753498.797260274
2017-08-03,3753641.3643835615
2017-08-04,3753783.9315068494
2017-08-05,3753926.498630137
2017-08-06,3754069.0657534245
2017-08-07,3754211.6328767124
2017-08-08,3754354.2
2017-08-09,3754496.7671232875
2017-08-10,3754639.3342465754
2017-08-11,3754781.901369863
2017-08-12,3754924.4684931505
2017-08-13,3755067.0356164384
2017-08-14,3755209.602739726
2017-08-15,3755352.1698630136
2017-08-16,3755494.7369863014
2017-08-17,3755637.304109589
2017-08-18,3755779.8712328766
2017-08-19,3755922.4383561644
2017-08-20,3756065.005479452
2017-08-21,3756207.5726027396
2017-08-22,3756350.1397260274
2017-08-23,3756492.706849315
2017-08-24,3756635.2739726026
2017-08-25,3756777.8410958904
2017-08-26,3756920.408219178
2017-08-27,3757062.9753424656
2017-08-28,3757205.5424657534
2017-08-29,3757348.109589041
2017-08-30,3757490.6767123286
2017-08-31,3757633.2438356164
2017-09-01,3757775.810958904
2017-09-02,3757918.3780821916
2017-09-03,3758060.9452054794
2017-09-04,3758203.512328767
2017-09-05,3758346.0794520546
2017-09-06,3758488.6465753424
2017-09-07,3758631.21369863
2017-09-08,3758773.7808219176
2017-09-09,3758916.3479452054
2017-09-10,3759058.915068493
2017-09-11,3759201.482191781
2017-09-12,3759344.0493150684
2017-09-13,3759486.616438356
2017-09-14,3759629.183561644
2017-09-15,3759771.7506849314
2017-09-16,3759914.317808219
2017-09-17,3760056.884931507
2017-09-18,3760199.4520547944
2017-09-19,3760342.0191780822
2017-09-20,3760484.58630137
2017-09-21,3760627.1534246574
2017-09-22,3760769.7205479452
2017-09-23,3760912.287671233
2017-09-24,3761054.8547945204
2017-09-25,3761197.4219178082
2017-09-26,3761339.989041096
2017-09-27,3761482.5561643834
2017-09-28,3761625.1232876712
2017-09-29,3761767.690410959
2017-09-30,3761910.2575342464
2017-10-01,3762052.8246575342
2017-10-02,3762195.391780822
2017-10-03,3762337.9589041094
2017-10-04,3762480.5260273973
2017-10-05,3762623.093150685
2017-10-06,3762765.6602739724
2017-10-07,3762908.2273972603
2017-10-08,3763050.794520548
2017-10-09,3763193.3616438354
2017-10-10,3763335.9287671233
2017-10-11,3763478.495890411
2017-10-12,3763621.0630136984
2017-10-13,3763763.6301369863
2017-10-14,3763906.197260274
2017-10-15,3764048.7643835614
2017-10-16,3764191.3315068493
2017-10-17,3764333.898630137
2017-10-18,3764476.4657534244
2017-10-19,3764619.0328767123
2017-10-20,3764761.6
2017-10-21,3764904.1671232875
2017-10-22,3765046.7342465753
2017-10-23,3765189.301369863
2017-10-24,3765331.8684931505
2017-10-25,3765474.4356164383
2017-10-26,3765617.002739726
2017-10-27,3765759.569863014
2017-10-28,3765902.1369863013
2017-10-29,3766044.704109589
2017-10-30,3766187.271232877
2017-10-31,3766329.8383561643
2017-11-01,3766472.405479452
2017-11-02,3766614.97260274
2017-11-03,3766757.5397260273
2017-11-04,3766900.106849315
2017-11-05,3767042.673972603
2017-11-06,3767185.2410958903
2017-11-07,3767327.808219178
2017-11-08,3767470.375342466
2017-11-09,3767612.9424657533
2017-11-10,3767755.509589041
2017-11-11,3767898.076712329
2017-11-12,3768040.6438356163
2017-11-13,3768183.210958904
2017-11-14,3768325.778082192
2017-11-15,3768468.3452054793
2017-11-16,3768610.912328767
2017-11-17,3768753.479452055
2017-11-18,3768896.0465753423
2017-11-19,3769038.61369863
2017-11-20,3769181.180821918
2017-11-21,3769323.7479452053
2017-11-22,3769466.315068493
2017-11-23,3769608.882191781
2017-11-24,3769751.4493150683
2017-11-25,3769894.016438356
2017-11-26,3770036.583561644
2017-11-27,3770179.1506849313
2017-11-28,3770321.717808219
2017-11-29,3770464.284931507
2017-11-30,3770606.8520547943
2017-12-01,3770749.419178082
2017-12-02,3770891.98630137
2017-12-03,3771034.5534246573
2017-12-04,3771177.120547945
2017-12-05,3771319.687671233
2017-12-06,3771462.2547945203
2017-12-07,3771604.821917808
2017-12-08,3771747.389041096
2017-12-09,3771889.9561643833
2017-12-10,3772032.523287671
2017-12-11,3772175.090410959
2017-12-12,3772317.657534247
2017-12-13,3772460.224657534
2017-12-14,3772602.791780822
2017-12-15,3772745.35890411
2017-12-16,3772887.926027397
2017-12-17,3773030.493150685
2017-12-18,3773173.060273973
2017-12-19,3773315.62739726
2017-12-20,3773458.194520548
2017-12-21,3773600.761643836
2017-12-22,3773743.328767123
2017-12-23,3773885.895890411
2017-12-24,3774028.463013699
2017-12-25,3774171.030136986
2017-12-26,3774313.597260274
2017-12-27,3774456.164383562
2017-12-28,3774598.731506849
2017-12-29,3774741.298630137
2017-12-30,3774883.865753425
2017-12-31,3775026.432876712
2018-01-01,3775169.0
